0,NADI LASQUIBAR,Alameda de Jose Miguel Carretero 19,23373,Jaen,661773289,nlasquiba@mail.com,1977-11-07,man1.jpg,Asistente de Investigacion en Ciencias Sociales,0,Jefe de Operaciones Bomberiles,7,Tecnico de Geologia y Minas,3,Graduado o Graduada en Ingenieria de Aeronavegacio,Universidad de Girona,ingles,6,frances ,0,gallego,5,portugues,0,Flash,python,iphone,php,XML,Visual-Studio,Android,html
1,ANTONIA AMALIA SANTIAS,Camino Rosario Palomino 5 Puerta 1 ,03920,Alicante,739424766,aamalia@yahoo.com,1990-06-04,girl1.jpg,Abogado Jefe,2,Analista de Recursos Humanos,2,Jefe de Relaciones Interinstitucionales,5,Programa Oficial de Doctorado en Enologia y Biotec,Universidad Politecnica de Cartagena,ingles,0,portugues,7,frances ,3,valenciano,1,Ruby-on-rails,php,C,Visual Basic,.Net,Flash,python,sql
2,ABOUBAKAR GRADINARU,Calle de Antonio Alegria 93 Apt. 72 ,51897,Ceuta,622224786,agradinar@yahoo.com,1992-04-13,man2.jpg,Analista de Organizacion y Sistemas ,0,Asistente Ejecutivo de Estudios para Graduados,7,Asistente de Especialista en Informacion,5,Master Universitario en Desarrollo e Integracion d,Universidad Politecnica de Madrid,español,1,gallego,7,portugues,2,arabe,0,Iphone-sdk,python,C++,jquery,Android,asp.net,Ajax,C
3,GABRIELA LILIANA APOLINARIO,C. Lourdes Torralba 47,06508,Badajoz,736921857,gliliana@mail.com,1974-06-03,girl1.jpg,Supervisor de Transporte,6,Archivista Jefe,10,Docente de Artes Plasticas,2,Graduado o Graduada en Lenguas Modernas y sus Lite,Universidad Pablo de Olavide,arabe,0,frances ,9,portugues,2,frances ,0,C++,Objective-c,Django,mysql,php,Flash,Linux,C
4,YUMEI BIZCOCHO,Plaza de Luis Miguel Fuster 695 Piso 4 ,19623,Guadalajara,676925100,ybizcoch@yahoo.com,1972-03-10,girl1.jpg,Gerente de Promocion y Administracion de Espacios ,10,Citotecnologo,5,Abogado Especialista Sectorial,5,Master Universitario en Ingenieria y Tecnologia In,Universidad Loyola Andalucia,italiano,1,italiano,3,holandes,4,aleman,7,Java,javascript,javascript,jquery,Flash,.Net,Django,Iphone-sdk
5,SIDAHMED VELASTEGUI,Alameda Noelia Bru 86 Puerta 6 ,16898,Cuenca,627114551,svelastegu@mail.kz,1980-01-25,man1.jpg,Coralista Lider de Cuerdas,9,Jefe de Taller Automotor,10,Periodista,4,Master Universitario en Biomedicina Molecular por ,Universidad de La Laguna,ingles,2,aleman,9,catalan,2,español,8,Flash,Sql-server,javascript,mysql,database,Flash,Sql-server,Django
6,DIEGO JOEL ROF,Via de Ángeles Trillo 66 Apt. 84 ,44751,Teruel,616443243,djoel@mail.com,1983-08-20,man1.jpg,Jefe Central de Presupuesto,2,Arquitecto,7,Supervisor de Registro y Apoyo Asistencial,9,Master Universitario en Artes Visuales y Educacion,Universidad Politecnica de Madrid,frances ,4,vasco,10,italiano,9,italiano,2,css,Iphone-sdk,Visual Basic,python,asp.net,iphone,sql,php
7,BERNARDINO JESUS BRUNS,Ronda Ignacio Múgica 4 Apt. 35 ,50566,Zaragoza,625672725,bjesus@hotmail.com,1989-02-06,man1.jpg,Asistente de Tesoreria,2,Farmaceutico,6,Especialista en Informacion,8,Doctor en Programa Oficial de Posgrado en sostenib,Universidad Politecnica de Cartagena,arabe,5,portugues,0,arabe,6,portugues,2,Android,Visual-Studio,css,C,Objective-c,jquery,XML,css
8,ALEXANDRA IONELA MIERA,Callejón de Miriam García 52,19778,Guadalajara,695061938,aionela@hotmail.com,1995-10-15,girl2.jpg,Luminotecnico,6,Luminotecnico,10,Entrenador Deportivo,4,Programa de Doctorado en Ciencia e Ingenieria de M,Universidad de Cordoba,vasco,2,arabe,7,ingles,0,arabe,2,XML,Ruby-on-rails,php,Visual-Studio,python,css,C++,Java
9,ANDREAS MICHAEL ALPRESA,Alameda Luisa Miralles 31 Apt. 53 ,22824,Huesca,763647161,amichael@hotmail.com,1972-03-16,man1.jpg,Trabajador Social,0,Asesor Artistico,9,Instructor de Desarrollo en Artes Escenicas,10,Master Universitario en Gestion de Recursos Humano,Universidad Pompeu Fabra,aleman,1,vasco,8,catalan,10,arabe,2,sql,javascript,C++,C++,mysql,jquery,database,.Net
10,SERVANDO JOSE KHLIFI,Callejón de Jose Antonio Baños 392 Apt. 73 ,44455,Teruel,718122322,sjose@mail.kz,1974-06-09,man1.jpg,Asistente de Seguros,7,Operador de Equipos de Telecomunicaciones,6,Tecnico Electromecanico,0,Programa Oficial de Doctorado en Computacion Avanz,Universidad Catolica San Antonio,aleman,4,aleman,3,catalan,5,italiano,9,Ruby-on-rails,python,mysql,Java,sql,asp.net,Iphone-sdk,Visual Basic
11,JACQUELINE ALEXANDRA JUNG,Plaza de Julia Hernando 80,47684,Valladolid,780642879,jalexandra@mail.com,1978-12-27,girl1.jpg,Promotor Cultural,6,Comprador,7,Jefe de Inventarios,3,Master Universitario en Avances en Radiologia Diag,Universidad de Leon,español,4,aleman,3,español,8,portugues,4,Ruby-on-rails,.Net,Django,Java,Ruby-on-rails,javascript,C,Ruby-on-rails
12,DANIEL PABLO STROE,Callejón Albert Zamorano 844 Puerta 3 ,07152,Baleares,679709011,dpablo@hotmail.com,1982-11-10,man1.jpg,Musicalizador,5,Asistente de Tesoreria,1,Psicopedagogo,2,Programa de Doctorado en Investigacion Forestal Av,Universidad de Alcala,español,8,italiano,4,portugues,2,italiano,5,.Net,.Net,javascript,Visual-Studio,sql,html,iphone,Linux
13,KATHRIN PULGARIN,Urbanización Andrea Torrecilla 81 Puerta 0 ,31484,Navarra,763722446,kpulgari@hotmail.com,1975-05-06,girl2.jpg,Jefe Sectorial de Compras,1,Asistente de Organizacion Cultural,3,Coordinador de Produccion de Radiodifusora ,2,Master Universitario en Investigacion en Direccion,Universidad Alfonso X El Sabio,español,10,frances ,1,portugues,9,valenciano,6,iphone,database,.Net,Ajax,javascript,C,Windows,Ajax
14,LEVENT TIAN,C. Santiago Escalona 53,42344,Soria,654181100,ltia@gmail.com,1987-12-28,man2.jpg,Director de Titeres y Marionetas,3,Supervisor de Servicios de Mantenimiento,7,Comandante del Cuerpo de Bomberos ,9,Master Universitario en Formacion de las Personas ,Universidad San Pablo-CEU,arabe,4,valenciano,0,holandes,6,frances ,1,Django,Sql-server,Objective-c,Ruby-on-rails,Sql-server,C,mysql,Visual Basic
15,RHIMO TIO,Cuesta Salvador Ugarte 690 Puerta 9 ,43875,Tarragona,656993284,rti@aol.com,1997-09-20,girl1.jpg,Jefe de Operaciones Bomberiles,7,Supervisor de Taller de Publicaciones,1,Asistente de Nomina,10,Graduado o Graduada en Educacion Primaria,Universidad de Barcelona,catalan,0,valenciano,9,valenciano,10,frances ,0,Django,Windows,html,Linux,Iphone-sdk,Sql-server,XML,Windows
16,AMPARO ANTONIA COMPAÑY,Via Mohamed Feliu 97,30225,Murcia,760096877,aantonia@mail.com,1972-10-06,girl1.jpg,Coordinador de Preescolar,0,Jefe de Contabilidad,10,Jefe de Control Previo y/o Posterior,4,Ingeniero Tecnico Forestal Especialidad en Explota,Universidad Europea de Valencia,catalan,9,español,2,holandes,7,aleman,6,Iphone-sdk,Ruby-on-rails,Iphone-sdk,php,Linux,C++,Objective-c,mysql
17,MARGARITA ISABEL ZUBIZARRETA,Ronda de Margarita Tormo 95 Piso 5 ,48930,Bizkaia,617172752,misabel@mail.com,1997-10-14,girl2.jpg,Asistente de Publicidad y Mercadeo,6,Jefe de Planes Operativos y Estrategicos,7,Medico Especialista,6,Licenciado en Farmacia,Universitat Internacional Valenciana,ingles,3,holandes,1,holandes,4,portugues,7,Iphone-sdk,C,Django,Flash,Linux,.Net,Linux,Visual-Studio
18,ALEJANDRA BELEN BEYER,Acceso de Mario Roda 260 Apt. 10 ,22922,Huesca,606949286,abelen@aol.com,1976-04-29,girl2.jpg,Mecanico Dental,0,Dibujante,10,Asistente de Asuntos Audiovisuales,3,Graduado o Graduada en Logistica y Negocios Mariti,Universidad Ramon Llull,holandes,8,gallego,9,ingles,9,gallego,9,iphone,html,Flash,jquery,Ruby-on-rails,Visual-Studio,C++,iphone
19,FRANCISCO HILARIO ATANASIO,Paseo de Luis Miguel Maldonado 46 Puerta 2 ,20814,Gipuzkoa,690946602,fhilario@mail.com,1981-07-25,man2.jpg,Fotografo,4,Instrumentista Academico Lider de Cuerdas,1,Jefe de Servicios Generales,1,Programa Oficial de Doctorado en Desarrollo Region,Universidad de Valladolid,arabe,3,frances ,7,portugues,2,español,6,Visual-Studio,Objective-c,sql,XML,Ruby-on-rails,Ajax,Ajax,iphone
20,ALBA ELIZABETH GARCIA RAYO,Urbanización Francisco Jose Valcárcel 901 Piso 0 ,08886,Barcelona,782404226,aelizabeth@mail.com,1986-01-28,girl2.jpg,Tecnico de Electromedicina,10,Asistente de Entomologia,9,Mecanico Dental,0,Programa de Doctorado en Biologia Fundamental y de,Universidad Pompeu Fabra,italiano,1,arabe,10,frances ,1,holandes,8,Ajax,.Net,XML,jquery,php,Flash,C,Java
21,ISABEL PETRA VITO,Rambla Olga Berrocal 13,23866,Jaen,738706024,ipetra@mail.com,1977-06-16,girl2.jpg,Promotor de Cursos,2,Asistente de Biologia,3,Jefe Central de Informacion y Control Estudiantil,7,Master Universitario en Neurociencia: de la Invest,Universidad de Cadiz,ingles,6,gallego,3,ingles,7,italiano,7,Flash,iphone,Visual-Studio,database,Linux,Iphone-sdk,php,html
22,CONCETTA PLUMED,Cuesta de Josep Aznar 30,38312,Tenerife,693898604,cplume@yahoo.com,1985-09-03,girl2.jpg,Jefe de Prensa,0,Asistente de Laboratorio Clinico,8,Especialista en Asuntos Literarios,4,Master Universitario en Ciencia y Tecnologia Nucle,Universidad de Cantabria,catalan,10,frances ,5,frances ,1,italiano,2,sql,Java,javascript,Objective-c,XML,Java,.Net,mysql
23,ATTA DE LA MORA,Ronda de Sara Martín 4 Apt. 12 ,29744,Malaga,648134307,ade@mail.com,1994-04-30,man2.jpg,Jefe de Taller Metalmecanico,3,Economo,3,Citotecnologo,8,Master Universitario en Osteopatia y Terapia Manua,Universidad Catolica Santa Teresa de Jesus de avil,frances ,7,vasco,10,portugues,5,español,10,Visual-Studio,database,Flash,Windows,asp.net,.Net,javascript,Ajax
24,CARLA VANESSA MELNYK,Pasaje de Virginia Rocha 77 Puerta 5 ,27482,Lugo,754554267,cvanessa@mail.kz,1972-01-08,girl1.jpg,Jefe de Inventarios,2,Facilitador de Desarrollo en Asuntos Literarios,5,Asistente de Publicidad y Mercadeo,5,Programa Oficial de Doctorado en Estudios Hispanic,Otros Centros de Nivel Universitario,portugues,2,italiano,6,gallego,8,vasco,9,Flash,mysql,Linux,Flash,Visual Basic,Flash,html,Django
25,DENI CAVALLO,Acceso María Salvà 37,41729,Sevilla,720175809,dcavall@mail.kz,1970-03-29,man2.jpg,Promotor Social,2,Jefe de Correo,8,Tecnico en Telematica,1,Programa Oficial de Doctorado en Neurociencia Cogn,Universidad Jaume I de Castellon,portugues,10,portugues,10,holandes,3,portugues,9,jquery,Visual Basic,jquery,C,Iphone-sdk,asp.net,Windows,iphone
26,GUILLERMO GONZALO GELMA,Pasaje Ignacio Pujadas 1,11764,Cadiz,600813095,ggonzalo@mail.com,1989-09-04,man1.jpg,Tecnico Radiologo,0,Coordinador Sectorial de Cultura,3,Docente en Artes Escenicas,4,Programa Oficial de Doctorado en Arqueologia,Universitat Internacional Valenciana,valenciano,8,español,6,italiano,2,ingles,2,Ruby-on-rails,Visual-Studio,php,Sql-server,css,Objective-c,Visual Basic,asp.net
27,CANDI KHTIRA,Glorieta de Irene Carreño 14,45566,Toledo,710112447,ckhtir@gmail.com,1984-10-29,man1.jpg,Jefe de Informatica,5,Jefe de Correo,10,Especialista de Sistemas de Informatica,9,Master Universitario en Tecnologias de la Traducci,Universidad Antonio de Nebrija,ingles,6,gallego,1,aleman,6,ingles,3,Ruby-on-rails,jquery,Django,Android,Iphone-sdk,iphone,jquery,Windows
28,FEDERICO GABRIEL CASTIELLA,Urbanización de Esther Diez 12 Piso 5 ,21472,Huelva,600838859,fgabriel@mail.kz,1989-05-04,man1.jpg,Analista de Registro y Control Estadistico,2,Serigrafista Principal,4,Consultor de Informacion y Control Estudiantil,0,Master Universitario en Español como Lengua Extra,Universidad de Extremadura,español,7,portugues,0,aleman,1,español,3,C,iphone,C,php,Ajax,html,jquery,Sql-server
29,CECILIE PAJARIN,Alameda Laura Nadal 545,39808,Cantabria,670839339,cpajari@yahoo.com,1972-07-24,girl2.jpg,Inspector de Seguridad Industrial e Higiene Ocupac,9,Abogado Especialista,5,Asistente de Zootecnia,1,Maestro-Especialidad de Audicion y Lenguaje,Universidad Europea del Atlantico,español,9,italiano,0,frances ,1,holandes,8,css,Visual Basic,asp.net,python,php,Ruby-on-rails,Django,Iphone-sdk
30,ROGER AVILA,Ronda Fernando Alberola 962 Piso 4 ,28254,Madrid,617419342,ravil@aol.com,1992-07-15,man2.jpg,Coralista Lider de Cuerdas,10,Microfilmador,9,Especialista en Informacion,5,Graduado o Graduada en Estudios Ingleses por la Un,Universidad de Girona,frances ,0,aleman,10,arabe,6,frances ,3,.Net,iphone,database,iphone,iphone,php,jquery,Iphone-sdk
31,NORA CHEN,Paseo de Mohamed Espada 5,04236,Almeria,712260500,nche@hotmail.com,1972-05-26,girl2.jpg,Documentalista de Bienes Inmuebles,4,Psicopedagogo,10,Operador de Maquina de Reproduccion (Codigo Transi,6,Graduado o Graduada en Cine por la Universidad Cam,Universidad Autonoma de Madrid,gallego,6,ingles,4,italiano,4,portugues,5,Java,Java,html,html,Windows,python,Ajax,XML
32,EVELYN DANIELA ARZALLUS,Via Paula Porcel 55,26959,La Rioja,755824493,edaniela@gmail.com,1971-03-05,girl2.jpg,Evaluador Curricular,5,Archivista,2,Locutor,0,Graduado o Graduada en  Educacion Infantil por la ,Universidad Europea del Atlantico,español,2,español,8,gallego,10,valenciano,7,sql,html,css,python,Visual Basic,jquery,Windows,Android
33,SARA ESTEFANIA TORREALBA,Urbanización de Elisa Daza 7 Puerta 5 ,04764,Almeria,710062530,sestefania@mail.kz,1989-06-06,girl2.jpg,Operador de Audio,0,Asistente de Seguros,3,Jefe de Artes,8,Doctor en Programa Oficial de Posgrado en evaluaci,IE Universidad,español,9,aleman,6,frances ,6,vasco,5,Linux,database,javascript,Java,mysql,Android,Android,mysql
34,PAN ADAMSON,Plaza de Isabel Donoso 3 Puerta 1 ,49823,Zamora,790191645,padamso@hotmail.com,1974-02-16,man1.jpg,Interprete Vocal,5,Director de Coral,2,Abogado Especialista Sectorial,5,Master Universitario en Musicoterapia,Universidad de Castilla-La Mancha,español,8,portugues,4,aleman,2,aleman,5,Iphone-sdk,Visual Basic,Android,asp.net,Objective-c,Django,Linux,mysql
35,JANE MARIE AINAGA,Ronda Mercedes Ferrando 7,28710,Madrid,641054878,jmarie@gmail.com,1972-09-05,girl2.jpg,Tecnico Radiologo,4,Abogado Especialista,10,Coordinador Administrativo,5,Graduado o Graduada en Geografia y Gestion del Ter,Universidad de Granada,arabe,3,italiano,6,ingles,0,ingles,0,C++,Ajax,sql,python,php,Ruby-on-rails,C++,Sql-server
36,AINHOA CRISTINA MERROUN,Via de Hugo Manjón 3 Puerta 3 ,11587,Cadiz,690790788,acristina@hotmail.com,1987-11-26,girl1.jpg,Supervisor de Servicios de Mantenimiento,5,Trabajador Social Jefe,1,Jefe de Fotografia,1,Graduado o Graduada en Humanidades y Estudios Soci,Universitat Internacional Valenciana,ingles,2,valenciano,9,aleman,6,ingles,4,Iphone-sdk,jquery,database,Objective-c,asp.net,Visual-Studio,Ruby-on-rails,Django
37,MADALIN IONUT SEGUIDO,Paseo de Laura Vilalta 895,49592,Zamora,753087083,mionut@mail.kz,1973-09-22,man2.jpg,Curador,3,Especialista en Mtto. de Equipos de Computacion,1,Jefe de Tesoreria,0,Master Universitario en Direccion de Empresas y Re,Universidad de Lleida,vasco,1,español,8,portugues,0,vasco,7,jquery,css,php,Iphone-sdk,javascript,Java,Objective-c,Linux
38,MANDEEP SENE,Acceso Cristian Aller 39,25169,Lleida,782347039,msen@hotmail.com,1997-02-14,man1.jpg,Analista de Higiene y Seguridad Industrial,4,Jefe Sectorial de Presupuesto,6,Asistente Administrativo,10,Master Universitario Europeo Erasmus Mundus en Apr,Universidad del Pais Vasco/Euskal Herriko Uniberts,español,10,ingles,1,frances ,4,italiano,5,php,Flash,jquery,Java,html,Visual-Studio,Flash,C
39,INES AURORA COMINS,Glorieta Daniel Belmonte 34 Puerta 6 ,17827,Girona,766756848,iaurora@hotmail.com,1997-11-02,girl2.jpg,Bombero Jefe,10,Supervisor de Servicios de Mantenimiento,0,Analista Central de Presupuesto,8,Baccalaureatus in Scientiis Religiosis,Universidad Europea de Madrid,gallego,7,gallego,7,catalan,1,italiano,4,javascript,C,Ajax,Windows,.Net,database,Iphone-sdk,asp.net
40,NAHEED AIXA,Pasadizo Ivan Cuesta 80,20979,Gipuzkoa,699425494,naix@hotmail.com,1985-08-07,girl1.jpg,Jefe de Taller Metalmecanico,6,Jefe de Operaciones Bomberiles,5,Trabajador Social,2,Programa Oficial de Doctorado en Estudios de Tradu,Universidad Catolica San Antonio,catalan,3,ingles,10,frances ,5,ingles,1,jquery,python,iphone,C++,Visual Basic,Ruby-on-rails,Linux,css
41,NAZAR DAN,C. de Manuel Trujillo 90,50708,Zaragoza,715531327,nda@yahoo.com,1997-10-26,man2.jpg,Medico Especialista,5,Trabajador Social,10,Jefe de Emision de Pagos,6,Graduado o Graduada en Odontologia  por la Univers,Universidad Politecnica de Catalunya,vasco,0,frances ,4,catalan,9,portugues,0,Flash,Linux,python,.Net,XML,mysql,Android,asp.net
42,YASAR MURUZABAL,Acceso Jose Antonio Bru 557,30196,Murcia,709658511,ymuruzaba@hotmail.com,1972-03-03,man2.jpg,Asistente de Campo,3,Psicologo Jefe,6,Tecnico de Taller de Micromecanica,10,Master Universitario en Ingenieria Naval y Oceanic,Universidad Carlos III de Madrid,arabe,4,catalan,9,italiano,6,italiano,3,Windows,Sql-server,Ruby-on-rails,Objective-c,database,mysql,asp.net,database
43,CIPRIAN NICOLAE ONOFRE,Pasadizo de Belen Ferrando 31 Puerta 4 ,44699,Teruel,659620512,cnicolae@aol.com,1992-02-25,man1.jpg,Economo,0,Analista de Nomina,5,Administrador,10,Programa Oficial de Doctorado en Traduccion y Estu,Universidad Europea de Canarias,arabe,7,portugues,4,italiano,8,valenciano,4,Linux,Iphone-sdk,Objective-c,jquery,css,jquery,python,html
44,MIHAELA MONICA ARROITA,Pasaje de María Carballo 39,08909,Barcelona,705923348,mmonica@yahoo.com,1989-02-02,girl2.jpg,Asistente de Produccion de Radiodifusora,4,Traductor,5,Supervisor de Laboratorio,3,Master Universitario en Economia Cuantitativa,Universidad Complutense de Madrid,italiano,0,arabe,2,español,1,frances ,9,mysql,Visual Basic,Ajax,mysql,Visual-Studio,javascript,asp.net,Android
45,KHAOULA MECA,Rambla de Gonzalo Ordóñez 602 Piso 2 ,38697,Tenerife,755974939,kmec@hotmail.com,1981-08-13,girl2.jpg,Recepcionista,0,Jefe de Salud Integral,10,Asistente Agropecuario,4,Master Universitario en Economia del Sector Public,Universidad Publica de Navarra,catalan,7,frances ,9,portugues,2,valenciano,0,iphone,jquery,Linux,mysql,Java,html,Django,Iphone-sdk
46,RENAN ZUBIAURRE,Paseo de Belen Pinedo 692,49677,Zamora,655555454,rzubiaurr@hotmail.com,1970-02-04,man2.jpg,Asistente de Tesoreria,9,Asistente de Zootecnia,9,Docente de Aula,9,Master Universitario en Arte Contemporaneo. Creaci,Universidad Pompeu Fabra,catalan,4,gallego,2,ingles,8,italiano,8,Ruby-on-rails,Windows,C,C++,database,python,Windows,C++
47,TOMAS EDUARDO HAN,Urbanización Manuel Rius 27 Puerta 7 ,24647,Leon,762571635,teduardo@mail.kz,1994-09-25,man1.jpg,Jefe de Prensa,7,Diagramador,4,Supervisor de Laboratorio,2,Master Universitario en Publicidad Integrada: Crea,Universidad Pompeu Fabra,aleman,6,ingles,7,vasco,6,arabe,8,iphone,html,Ajax,Objective-c,C,jquery,javascript,Java
48,CHISTIAN MONTOTO,Acceso de Francisco Jose Quintana 7,47765,Valladolid,694134177,cmontot@mail.com,1976-03-04,man2.jpg,Asistente de Recursos Humanos,3,Comprador,5,Asistente de Histologia,6,Programa de Doctorado en Tecnologia Educativa por ,Universidad Autonoma de Madrid,holandes,7,catalan,9,catalan,10,español,1,mysql,Flash,jquery,Ruby-on-rails,Visual Basic,Java,Ajax,javascript
49,MHAND TRABA,Rambla de Mónica Almagro 9 Apt. 47 ,01706,Alava,709806185,mtrab@hotmail.com,1988-02-29,man1.jpg,Jefe de Asistencia Socio-economica Estudiantil,6,Especialista en Asistencia Tecnica Institucional,9,Coordinador de Cine Club,8,Programa de Doctorado en Quimica Aplicada y Materi,Universidad Politecnica de Catalunya,vasco,9,frances ,5,italiano,7,gallego,4,.Net,python,Django,Objective-c,.Net,javascript,Visual Basic,asp.net
50,EDGAR GONZALO SOBREIRA,Camino de Emilia Bernat 16 Piso 5 ,04812,Almeria,759570243,egonzalo@yahoo.com,1981-10-31,man1.jpg,Asistente de Biblioteca,6,Analista Central de Presupuesto,9,Coordinador de Deporte,6,Master Universitario en Ciencias Odontologicas por,Universidad de Salamanca,arabe,8,portugues,10,español,1,arabe,4,Android,Sql-server,Linux,Objective-c,css,XML,database,Django
51,YASSIR STOICA,Pasaje Eduardo Ledesma 398,03454,Alicante,704245588,ystoic@yahoo.com,1977-01-27,man1.jpg,Especialista Organizacional,6,Contabilista,1,Analista de Asuntos Audiovisuales,2,Programa de Doctorado en Salud Publica Ciencias Me,Universidad Internacional Isabel I de Castilla,vasco,8,vasco,3,español,1,aleman,2,database,iphone,Objective-c,sql,Linux,asp.net,C,Flash
52,CRISTOBAL SANTIAGO GROVES,Cuesta Sonia Nicolau 2,48873,Bizkaia,708022104,csantiago@aol.com,1976-03-23,man1.jpg,Ayudante de Taller de Artes del Fuego,10,Comandante del Cuerpo de Bomberos ,5,Tecnico Acuicultor,5,Master Universitario en Educom@Med: Capacitacion e,Universitat Internacional Valenciana,catalan,2,catalan,7,italiano,9,español,0,Sql-server,mysql,Objective-c,Visual Basic,Iphone-sdk,C,Java,jquery
53,VENTSISLAV FRAGUAS,Cañada de Raul Arribas 59 Piso 9 ,37834,Salamanca,665667331,vfragua@mail.com,1984-04-10,man1.jpg,Medico Especialista,1,Tecnico Agropecuario,0,Coordinador de Publicaciones,3,Master Universitario Erasmus Mundus en Biodiversid,Universitat Politècnica de València,arabe,7,vasco,2,arabe,4,valenciano,6,Ruby-on-rails,C++,XML,XML,Java,XML,Iphone-sdk,Windows
54,GESSICA SANIA,Rambla de Francisco Javier Machado 383 Puerta 2 ,23758,Jaen,659612471,gsani@hotmail.com,1971-02-27,girl2.jpg,Tecnico Plomero (Codigo Transitorio),6,Locutor,0,Jefe de Trafico,3,Programa Oficial de Doctorado en Hidrologia y Gest,Universidad de Oviedo,valenciano,2,portugues,4,aleman,0,gallego,8,Ruby-on-rails,database,css,Ajax,html,C++,html,Sql-server
55,LUISA BELEN RUIZ MATEOS,Alameda Juan Carlos Lillo 76,36410,Pontevedra,710784511,lbelen@aol.com,1997-10-18,girl1.jpg,Docente de Artes Auditivas,5,Jefe de Nomina,9,Jefe de Taller Metalmecanico,4,Master Universitario en Auditoria y Contabilidad p,IE Universidad,holandes,3,holandes,1,arabe,10,holandes,6,Sql-server,C,Visual-Studio,Visual Basic,asp.net,C,python,Linux
56,ROXANA ANDREEA SALAH,Via Begoña Quintana 99,37624,Salamanca,605774341,randreea@mail.com,1974-09-12,girl1.jpg,Jefe de Unidades Nutricionales,8,Analista Programador de Sistemas,1,Operador de Computacion,8,Graduado Superior en Ingenieria de Sistemas de Def,Mondragon Unibertsitatea,gallego,4,aleman,3,catalan,5,portugues,8,html,C,mysql,iphone,.Net,Windows,php,database
57,MADELEINE BETANCORT,Glorieta de Trinidad Morera 3,47332,Valladolid,619658377,mbetancor@yahoo.com,1994-06-21,girl2.jpg,Supervisor de Operaciones de Radiodifusora ,3,Asistente de Laboratorio Clinico,1,Ingeniero Agronomo Jefe,6,Graduado o Graduada en Marketing y Gestion Comerci,Universidad de Barcelona,holandes,6,italiano,1,italiano,0,gallego,6,html,Iphone-sdk,Visual-Studio,C,mysql,asp.net,php,.Net
58,FIOR DALIZA FABREGUES,Urbanización Marina Ródenas 81,48836,Bizkaia,662886248,fdaliza@gmail.com,1987-12-13,girl1.jpg,Jefe de Planes Operativos y Estrategicos,7,Tecnico Forestal,0,Tecnico Radiologo,5,Doctor en Programa Oficial de Posgrado en Historia,Universidad Autonoma de Barcelona,aleman,9,catalan,1,arabe,7,ingles,5,Linux,database,Linux,php,sql,XML,Windows,XML
59,JAVIER MOISES HUMBERT,Acceso Anna Casares 87 Piso 9 ,02432,Albacete,629191194,jmoises@mail.kz,1995-03-18,man2.jpg,Jefe Sectorial de Compras,5,Operador de Maquina de Reproduccion (Codigo Transi,5,Analista Especialista de Recursos Humanos,0,Graduado o Graduada en Empresas y Actividades Turi,Universidad de Salamanca,holandes,6,español,10,portugues,10,ingles,8,Windows,database,python,asp.net,jquery,python,.Net,Objective-c
60,MANUEL GUMERSINDO ASTONDOA,Alameda Josep Miguel 70 Piso 4 ,32319,Ourense,674079710,mgumersindo@hotmail.com,1982-01-12,man1.jpg,Caligrafo,5,Asistente de farmacia,0,Tecnico de Electromedicina,2,Programa de Doctorado en Ciencias y Tecnologias Ma,Universidad Catolica San Antonio,catalan,1,arabe,9,holandes,4,portugues,1,Ruby-on-rails,iphone,C,Visual Basic,php,Flash,asp.net,C
61,THIERNO ESNAOLA,Callejón Andrea Roman 470 Piso 2 ,31122,Navarra,698277254,tesnaol@hotmail.com,1973-08-10,man1.jpg,Ayudante de Taller de Artes del Fuego,5,Director de Titeres y Marionetas,0,Auxiliar de Registro y Estadisticas de Servicios A,10,Programa Oficial de Doctorado en Podologia Avanzad,Universidad Europea de Madrid,gallego,7,ingles,8,catalan,9,español,7,python,mysql,Ruby-on-rails,Visual-Studio,Iphone-sdk,C++,Linux,css
62,MARYAMA TAFUR,Paseo de Jose Maria Baeza 4 Puerta 4 ,45635,Toledo,646433458,mtafu@yahoo.com,1992-07-05,girl2.jpg,Docente de Artes Plasticas,3,Analista de Organizacion y Sistemas ,8,Inspector de Proteccion Ambiental,7,Graduado o Graduada en Educacion Primaria,Universidad Carlos III de Madrid,portugues,7,ingles,4,italiano,7,valenciano,6,html,Windows,css,Android,Ruby-on-rails,Linux,css,jquery
63,PASCUAL LUIS BARRANCOS,Urbanización Emilio Mascaró 73,11713,Cadiz,625592588,pluis@aol.com,1994-08-30,man2.jpg,Asistente de Laboratorio de Idiomas,3,Tecnico Quimico,6,Asistente de Publicaciones,2,Doctor en Programa Oficial de Posgrado en Odontolo,Universidad de Jaen,ingles,1,aleman,3,frances ,10,arabe,5,Windows,C++,html,Visual Basic,Linux,Java,python,XML
64,NATALIE ANNE SAUCI,Paseo Montserrat Esteve 10 Piso 6 ,47512,Valladolid,608478001,nanne@yahoo.com,1980-11-20,girl1.jpg,Analista de Informacion y Control Estudiantil,4,Camarografo,1,Tecnico de Grabacion de Radiodifusora ,4,Programa de Doctorado en Agua y Desarrollo Sosteni,Universitat de les Illes Balears,vasco,0,arabe,6,español,10,arabe,1,mysql,Windows,Linux,Visual-Studio,javascript,Django,Django,Java
65,NANCY STELLA ANGELATS,Cuesta Luís Pardo 34 Piso 6 ,22813,Huesca,731851028,nstella@hotmail.com,1970-11-16,girl2.jpg,Facilitador de Desarrollo de Recursos Humanos,2,Taxidermista,0,Asistente de Contabilidad,6,Diplomado en Maquinas Navales,Universidad Catolica Santa Teresa de Jesus de avil,español,8,holandes,8,español,9,valenciano,4,Visual-Studio,.Net,C++,C++,Android,XML,Iphone-sdk,php
66,PILAR RAQUEL MARTINI,Cañada de Juan José Leal 84,20772,Gipuzkoa,642101112,praquel@aol.com,1995-08-13,girl2.jpg,Jefe de Talleres de Obras,0,Soplador de Vidrio Jefe,8,Asistente de Investigacion en Ciencias Sociales,3,Master Universitario en Estudios Avanzados en Filo,Universidad Internacional de Andalucia,italiano,6,vasco,10,italiano,0,portugues,7,Sql-server,Windows,Visual-Studio,Android,Visual-Studio,Linux,Objective-c,python
67,ABEL JUAN SEDDIKI,Acceso Purificación Toro 54 Puerta 4 ,49997,Zamora,624995171,ajuan@mail.kz,1977-07-30,man2.jpg,Inspector de Control de Perdidas,8,Jefe Sectorial de Presupuesto,6,Programador de Sistemas,9,Master Universitario en Neuropsicologia Clinica po,Universidad Internacional de Andalucia,arabe,1,vasco,4,italiano,7,holandes,8,php,C++,C,html,Ajax,html,XML,.Net
68,WEILING SANCHEZ MATEOS,Plaza de Raul Cuadrado 49,13334,Ciudad Real,606727047,wsanchez@aol.com,1997-10-06,girl1.jpg,Telefonista,4,Economo,9,Secretaria (o) Ejecutiva (o),1,Master Universitario en Lingüistica Aplicada al I,Universidad de Deusto,vasco,1,aleman,1,italiano,2,valenciano,4,css,Objective-c,Linux,javascript,php,javascript,Windows,Objective-c
69,CARLOS JONAY CALDERON DE LA BARCA,Avenida de Andrea Benítez 24 Apt. 90 ,47398,Valladolid,792122702,cjonay@yahoo.com,1981-01-30,man2.jpg,Contador Jefe,7,Locutor,1,Auxiliar de Registro y Estadisticas de Servicios A,9,Master Universitario en Biodiversidad Marina y Con,Universidad de Vigo,valenciano,0,aleman,2,vasco,2,catalan,4,css,C++,iphone,sql,python,Flash,Flash,python
70,LIFENG MESTANZA,Plaza Miguel Castejón 60 Piso 4 ,18347,Granada,633228247,lmestanz@aol.com,1983-03-05,man1.jpg,Jefe de Relaciones Interinstitucionales,1,Asistente de Publicidad y Mercadeo,7,Coordinador Sectorial de Cultura,1,Doctor en Historia en Programa Oficial de Posgrado,Mondragon Unibertsitatea,italiano,0,italiano,3,italiano,6,portugues,6,css,Ajax,Java,Iphone-sdk,python,Flash,.Net,javascript
71,CESAR IGNACIO DE FREITAS,Avenida de Ana Bru 55,19641,Guadalajara,740604402,cignacio@mail.kz,1970-01-27,man1.jpg,Jefe de Inventarios,9,Analista de Asuntos Audiovisuales,9,Soplador de Vidrio Jefe,10,Master Universitario en Comunicacion Especializada,Universidad de Zaragoza,vasco,10,italiano,9,ingles,7,español,10,Linux,XML,Linux,python,Sql-server,C++,Iphone-sdk,javascript
72,LINA ISABEL EL GOUMRI,Urbanización de Cristian Roldán 94,10629,Caceres,736026056,lisabel@hotmail.com,1980-10-13,girl1.jpg,Jefe de Talleres de Obras,9,Analista Financiero,0,Jefe de Planes Operativos y Estrategicos,9,Master Universitario en tecnologia de la informaci,Universidad de Almeria,aleman,9,vasco,10,ingles,1,ingles,3,python,Ajax,iphone,Sql-server,jquery,iphone,Iphone-sdk,database
73,CELMIRA CASTELEIRO,Callejón de Marcos Cabrera 843 Piso 7 ,23430,Jaen,627718498,ccasteleir@gmail.com,1990-05-24,girl1.jpg,Supervisor de Servicios Generales,5,Camarografo,3,Supervisor de Laboratorio,3,Master Universitario en Osteopatia y terapia manua,Universidad Europea Miguel de Cervantes,aleman,10,gallego,4,frances ,7,vasco,5,Visual Basic,Linux,python,javascript,C,C++,html,Windows
74,ADRIANA JUDITH ANTXIA,Via Lourdes Quero 7 Puerta 6 ,49168,Zamora,621510537,ajudith@hotmail.com,1973-02-24,girl1.jpg,Jefe de Operaciones Bomberiles,4,Jefe de Contabilidad,7,Enfermera (o) Jefe,1,Master Universitario en Diseño de Producto por la,Universidad Catolica Santa Teresa de Jesus de avil,gallego,9,italiano,5,italiano,9,frances ,3,Django,javascript,Linux,database,python,javascript,asp.net,php
75,DIEGO ANDRE VELICIAS,Rambla de Francisca Juárez 5 Apt. 20 ,52261,Melilla,746329014,dandre@aol.com,1996-03-17,man1.jpg,Jefe de Fotografia,6,Inspector de Seguridad Industrial e Higiene Ocupac,8,Interprete Vocal,7,Master Universitario en Consultoria y Asesoria Fin,Universidad de Alicante,valenciano,7,aleman,3,valenciano,5,vasco,5,Windows,XML,mysql,html,C,javascript,database,css
76,MARIA VITORIA CLAUSELL,Camino de Remedios Pinto 727,52892,Melilla,674144424,mvitoria@hotmail.com,1994-01-09,girl1.jpg,Psicologo Jefe,4,Auxiliar de Servicios para el Arte,1,Dietista,9,Programa de Doctorado en Energia Electrica por la ,Universidad Cardenal Herrera-CEU,italiano,3,gallego,2,español,9,catalan,9,Sql-server,html,asp.net,database,Ajax,XML,C,javascript
77,VICTORIA ROSA COIRADAS,C. de Sebastian Espada 72,34506,Palencia,622555335,vrosa@mail.com,1981-07-26,girl2.jpg,Analista de Presupuesto,5,Asistente de Presupuesto,10,Supervisor de Operaciones de Radiodifusora ,7,Master Universitario en Sistema de Justicia Penal ,Universidad Miguel Hernandez de Elche,arabe,4,holandes,7,holandes,2,ingles,3,Ruby-on-rails,Sql-server,Sql-server,sql,Objective-c,Iphone-sdk,Ruby-on-rails,Windows
78,POP EL BOUZIDI,Urbanización de Juan José Pagès 679 Apt. 15 ,42994,Soria,613345990,pel@hotmail.com,1981-12-11,man2.jpg,Asistente de Camara,10,Especialista de Sistemas de Informatica,10,Instructor de Desarrollo en Artes Escenicas,2,Programa de Doctorado en Ciencias Juridicas y Empr,Universidad Fernando Pessoa-Canarias (UFP-C),gallego,0,gallego,7,portugues,10,vasco,1,javascript,javascript,Iphone-sdk,database,asp.net,asp.net,jquery,Iphone-sdk
79,IZABEL TRULLEN,Vial de Gabriel Fuertes 35,48183,Bizkaia,660843795,itrulle@yahoo.com,1975-05-18,girl1.jpg,Asistente de Recursos Humanos,7,Coordinador de Centro de Estudios en Artes,7,Topografo ,0,Master Universitario en Comunicacion Social por la,Universitat Abat Oliba CEU,vasco,7,vasco,9,aleman,3,español,1,jquery,html,Iphone-sdk,Ajax,Objective-c,Windows,iphone,python
80,GONZALO NIETO,Vial de Hugo Verdú 388,33428,Asturias,694156720,gniet@hotmail.com,1983-09-05,man1.jpg,Coordinador Sectorial de Cultura,7,Asistente de Mantenimiento de Equipos y Redes de I,0,Serigrafista Principal,7,Doctor en Programa Oficial de Posgrado en Nanocien,Universidad de Leon,catalan,3,vasco,5,gallego,7,gallego,1,html,database,jquery,Windows,Iphone-sdk,XML,Linux,Objective-c
81,ALEJANDRO SEBASTIAN REINALDO,Callejón de Ruben Castilla 347 Puerta 0 ,28550,Madrid,766499781,asebastian@aol.com,1981-01-06,man1.jpg,Secretaria (o) Bilingüe,3,Asistente de Anatomia y Patologia,5,Coordinador de Preescolar,3,Master Universitario en Radio por la Universidad S,Universidad Politecnica de Cartagena,catalan,10,valenciano,4,aleman,10,italiano,9,python,Ajax,XML,.Net,XML,javascript,iphone,database
82,AMPARO ANGELES DE LA CAMARA,Urbanización de Elena Roca 730 Piso 1 ,06253,Badajoz,759446077,aangeles@hotmail.com,1986-03-31,girl2.jpg,Fotolitografo,10,Supervisor de Pintores (Codigo Transitorio),1,Docente de Preescolar,6,Programa de Doctorado en Ciencia Cognitiva y Lengu,Universidad Pompeu Fabra,valenciano,6,catalan,10,arabe,3,catalan,2,Ajax,Flash,Visual Basic,Sql-server,Django,Windows,python,Objective-c
83,DANIL BORREGA,Pasaje de Santiago Sanmartín 652 Piso 7 ,37944,Salamanca,745097010,dborreg@yahoo.com,1976-02-23,man2.jpg,Asistente de Publicaciones,1,Tecnico en Telematica,0,Jefe de Talleres de Obras,0,Master Universitario en Educacion Fisica y Psicomo,Universidad Europea de Canarias,italiano,7,italiano,3,gallego,6,vasco,5,.Net,python,Visual-Studio,Windows,Linux,mysql,Ajax,mysql
84,VALENTINA PILAR MONFILLO,Ronda Joaquin Echevarría 134,30259,Murcia,711081074,vpilar@aol.com,1997-03-23,girl1.jpg,Jefe de Relaciones Publicas,3,Editor de Asuntos Audiovisuales,10,Archivista Jefe,5,Graduado o Graduada en Lenguas Modernas por la Uni,Universidad Politecnica de Cartagena,aleman,0,arabe,5,gallego,6,vasco,7,Sql-server,Visual Basic,css,Ajax,jquery,javascript,asp.net,XML
85,RAINER LARRINAGA,Cañada de Gabriel Domínguez 27 Piso 3 ,02614,Albacete,686380223,rlarrinag@mail.kz,1979-11-17,man1.jpg,Promotor de Relaciones Publicas e Interinstitucion,5,Sub-director Educativo,10,Dibujante Ilustrador Jefe,7,Master Universitario en Investigacion Musical por ,Universidad de Almeria,holandes,5,arabe,8,español,4,arabe,9,asp.net,asp.net,Visual Basic,javascript,iphone,Ajax,Flash,Java
86,SOLOMIYA EL MOKHTARI,Plaza Noelia Manjón 474 Puerta 9 ,20883,Gipuzkoa,605884147,sel@mail.com,1974-02-18,girl1.jpg,Sub-director Educativo,9,Supervisor de Operaciones de Radiodifusora ,9,Citotecnologo,9,Programa Oficial de Doctorado en Organizacion de E,Universidad Rovira i Virgili,español,1,aleman,3,ingles,4,italiano,8,python,XML,Iphone-sdk,jquery,javascript,C++,asp.net,css
87,ROY DAVID AMAYUELAS,Avenida Jose Carlos Marin 5,06857,Badajoz,666285414,rdavid@hotmail.com,1980-09-10,man2.jpg,Analista de Higiene y Seguridad Industrial,9,Analista Especialista de Recursos Humanos,4,Abogado Jefe,4,Programa de Doctorado en Biodiversidad y Gestion A,Universidad Fernando Pessoa-Canarias (UFP-C),gallego,10,holandes,0,aleman,8,portugues,8,Iphone-sdk,css,css,asp.net,Visual-Studio,Objective-c,.Net,iphone
88,YOUSUF CAPPA,Avenida Marcos Higueras 31,20279,Gipuzkoa,771505586,ycapp@aol.com,1984-05-29,man2.jpg,Asistente de Laboratorio de Computacion,7,Analista de Organizacion y Sistemas ,2,Supervisor de Operaciones de Radiodifusora ,10,Programa de Doctorado en Quimica por la Universita,Universidad Europea de Madrid,italiano,9,gallego,6,aleman,1,español,4,Visual Basic,Objective-c,php,Iphone-sdk,Java,XML,Visual-Studio,C++
89,RUBEN OSVALDO CEDENO,Avenida de Felipe Gallardo 56 Puerta 3 ,42337,Soria,726559254,rosvaldo@mail.com,1974-06-30,man1.jpg,Investigador Ocupacional,4,Operador de Computacion,6,Asistente Ejecutivo de Relaciones Interinstitucion,7,Master Universitario en Direccion y Gestion de Coo,Universidad de Las Palmas de Gran Canaria,vasco,7,vasco,6,portugues,3,italiano,6,Ruby-on-rails,Linux,database,database,html,Java,XML,html
90,FEDERICO IVAN BRASAL,C. de Nieves Villalonga 26 Apt. 38 ,14758,Cordoba,622706986,fivan@mail.kz,1987-02-20,man1.jpg,Analista de Organizacion y Sistemas ,7,Asistente de Protocolo,2,Instrumentista Academico Lider de Cuerdas,8,Programa Oficial de Doctorado en Fisica Nuclear,Universidad Miguel Hernandez de Elche,portugues,4,gallego,0,italiano,2,valenciano,9,javascript,css,Linux,Flash,Flash,javascript,Visual Basic,Linux
91,ENRIQUE MARTIN BESA,Pasaje Hector Conde 23,31160,Navarra,629306347,emartin@aol.com,1997-03-05,man1.jpg,Especialista en Informacion,8,Analista Financiero,5,Jefe de Talleres de Obras,0,Programa Oficial de Doctorado en Empresa,Universidad de Alcala,valenciano,3,aleman,8,gallego,2,catalan,10,Iphone-sdk,Linux,Android,php,javascript,php,Flash,mysql
92,EMILIO MARCOS BUELE,Avenida de Emilia Vicens 2,15910,Coruna,731162835,emarcos@gmail.com,1979-05-16,man2.jpg,Asistente de Biologia,2,Operador de Equipos de Telecomunicaciones,1,Citotecnologo,5,Master Universitario en Ingenieria de Tecnologias ,Universidad de Burgos,frances ,4,español,1,portugues,0,catalan,9,XML,Visual Basic,XML,html,sql,Iphone-sdk,.Net,python
93,AMR FAYA,Acceso de Gloria Cañas 62,16494,Cuenca,765239627,afay@aol.com,1986-04-05,man2.jpg,Facilitador de Desarrollo en Asuntos Literarios,6,Jefe de Emision de Pagos,3,Analista Central de Presupuesto,7,Master Universitario en Lingüistica Aplicada al I,Universidad de Girona,arabe,2,aleman,4,arabe,3,aleman,5,Java,Linux,Linux,Ajax,mysql,Java,mysql,Sql-server
94,MONIKA KATARZYNA CORNADO,Callejón de Tomás Benet 99 Apt. 82 ,01659,Alava,651138202,mkatarzyna@aol.com,1992-03-17,girl1.jpg,Auxiliar de Registro y Estadisticas de Servicios A,10,Trabajador Social Jefe,9,Supervisor de Operaciones de Radiodifusora ,8,Programa Oficial de Doctorado en Acuicultura: Prod,Universitat Internacional Valenciana,italiano,9,valenciano,6,valenciano,6,portugues,9,css,C,asp.net,database,javascript,Sql-server,python,php
95,GULLERMO ISTURIZ,Vial Pilar Arnaiz 99,31542,Navarra,721728182,gisturi@aol.com,1994-03-20,man2.jpg,Administrador Jefe,1,Jefe Central de Recursos Humanos,5,Coordinador Sectorial de Cultura,5,Master Universitario en Cine y Television por la U,Universitat Internacional de Catalunya,catalan,8,vasco,7,catalan,1,catalan,8,Iphone-sdk,javascript,Windows,Android,.Net,css,Windows,Ruby-on-rails
96,ALBERTO SALVADOR ESQUIVIAS,Ronda Inmaculada Pi 22,36766,Pontevedra,790054248,asalvador@hotmail.com,1992-10-04,man2.jpg,Asistente de Especialista en Informacion,6,Secretaria (o) Ejecutiva (o) Bilingüe,0,Tecnico Radiologo,2,Master Universitario en Administracion Internacion,Universidad Pompeu Fabra,ingles,0,vasco,7,español,5,aleman,8,.Net,Ajax,iphone,C,C,Linux,javascript,javascript
97,MIGUEL PATRICIO CAMPALLO,Calle Hugo Daza 5,16506,Cuenca,608479765,mpatricio@mail.com,1973-02-11,man1.jpg,Asistente de Topografia,10,Docente de Aula,8,Documentalista de Bienes Inmuebles,6,Master Universitario en Derecho y Administracion L,Universidad de Barcelona,italiano,3,aleman,10,aleman,6,portugues,2,Objective-c,iphone,html,Windows,database,C++,jquery,.Net
98,CARLOS EMANUEL AMEZQUETA,Callejón Francisco Javier Medina 931 Puerta 6 ,28720,Madrid,606318896,cemanuel@gmail.com,1985-06-18,man1.jpg,Inspector de Higiene y Control de Precios de Alime,3,Auxiliar de Registro y Estadisticas de Servicios A,2,Taxidermista,7,Graduado o Graduada en Lengua Española y sus Lite,Universidad de Huelva,aleman,5,italiano,3,catalan,2,holandes,10,python,Flash,mysql,Flash,css,sql,javascript,Visual Basic
99,NITA DE JULIAN,Paseo de Tomás Patiño 96,50716,Zaragoza,791594348,nde@hotmail.com,1977-06-18,girl1.jpg,Tallador de Diamantes,0,Jefe de Tesoreria,6,Supervisor de Carpinteria (Codigo Transitorio),5,Master Universitario en Oceanografia y Gestion del,Universidad Complutense de Madrid,aleman,6,holandes,4,aleman,0,catalan,5,.Net,Sql-server,Django,XML,XML,Ruby-on-rails,Java,XML
100,RAUL ANIBAL GALINO,Calle de Vicenta Rozas 23 Piso 6 ,03359,Alicante,616909396,ranibal@mail.kz,1992-05-10,man2.jpg,Coordinador de Asuntos Literarios,5,Asistente de Anatomia y Patologia,3,Animador Cultural,0,Programa Oficial de Doctorado en Microbiologia y P,Universidad de Cordoba,holandes,0,vasco,6,español,8,holandes,7,mysql,html,iphone,C++,C,Ajax,Iphone-sdk,Java
101,ALEXANDER DAVID ORTIZ DE URBINA,Glorieta de Felix Valenzuela 24,27682,Lugo,691241230,adavid@yahoo.com,1980-12-30,man1.jpg,Analista Financiero,1,Psicologo,4,Telefonista,3,Master Universitario en Evolucion Humana por la Un,Universidad de Las Palmas de Gran Canaria,valenciano,1,aleman,5,español,3,italiano,5,iphone,sql,Flash,sql,C++,Visual-Studio,Django,C
102,ANGEL REMIGIO DE AZA,C. de Lorenzo Mármol 692,52979,Melilla,700294994,aremigio@gmail.com,1994-11-03,man1.jpg,Especialista en Asuntos Literarios,6,Tecnico en Telematica,2,Supervisor de Costos de Obras,0,Programa Oficial de Doctorado en Fisica Nuclear y ,Otros Centros de Nivel Universitario,holandes,9,portugues,8,ingles,6,aleman,9,javascript,Visual Basic,Android,jquery,.Net,Ruby-on-rails,javascript,Windows
103,EBTISAM MANU,Cañada de Fátima Diéguez 8,25657,Lleida,602851122,eman@hotmail.com,1994-10-04,girl2.jpg,Jefe de Seguros,9,Supervisor de Servicios Generales,5,Administrador Jefe,10,Programa de Doctorado en Biomedicina por la Univer,Universidad Jaume I de Castellon,frances ,3,portugues,7,catalan,0,vasco,6,iphone,asp.net,Flash,database,Iphone-sdk,Visual Basic,sql,css
104,VASCO LANG,Paseo de Felipe Bolaños 64,52376,Melilla,701928713,vlan@mail.com,1982-09-23,man2.jpg,Supervisor de Pintores (Codigo Transitorio),2,Recepcionista,2,Medico Jefe,3,Doctor en Programa Oficial de Posgrado en Riesgos ,Universidad Autonoma de Barcelona,aleman,4,frances ,4,vasco,0,español,6,Linux,Iphone-sdk,Linux,Objective-c,jquery,Java,Ajax,Django
105,KAREM MENTA,Camino Ivan Vargas 5,30747,Murcia,680127304,kment@hotmail.com,1989-12-25,man1.jpg,Tecnico en Telematica,9,Traductor,7,Auxiliar de Archivo,5,Doctor en Programa Oficial de Posgrado en Industri,Universidad Internacional Menendez Pelayo,español,6,frances ,4,valenciano,2,arabe,10,Android,sql,Iphone-sdk,Sql-server,XML,php,C,C++
106,YUSRAA BONAÑO,Rambla de Lidia Antúnez 358 Apt. 10 ,37936,Salamanca,626631165,ybonaÑ@hotmail.com,1973-02-04,girl2.jpg,Consultor de Informacion y Control Estudiantil,5,Jefe de Planes Operativos y Estrategicos,3,Asistente de Almacen (Codigo Transitorio),5,Programa Oficial de Doctorado en Microelectronica ,Universidad de Malaga,ingles,9,español,4,italiano,6,valenciano,3,javascript,database,jquery,XML,C,mysql,python,php
107,AMATH ULIBARRI,Ronda de Josep Pozo 39 Apt. 90 ,46207,Valencia,638478971,aulibarr@yahoo.com,1984-12-05,man2.jpg,Jefe de Prensa,4,Diseñador Grafico,4,Capitan de Buque,1,Master Universitario en Tecnologia en la Arquitect,Universitat de València (Estudi General),holandes,3,ingles,6,arabe,8,español,5,asp.net,sql,Ajax,Visual-Studio,.Net,Iphone-sdk,Windows,css
108,MARIA CODES MECIAS,Pasaje Salvador Pozo 894,46126,Valencia,785775139,mcodes@aol.com,1984-05-10,girl1.jpg,Jefe de Analisis y Procesamiento de Compras,6,Operador de Computacion,2,Cartografo,0,Programa Oficial de Doctorado en Ingenieria Biotec,Universidad Miguel Hernandez de Elche,italiano,10,gallego,6,frances ,1,español,9,Ajax,sql,C,Java,Sql-server,Java,C++,python
109,XIAOZHONG GOYENA,Plaza de Santiago Agustín 618 Puerta 8 ,12625,Castellon,618165168,xgoyen@mail.com,1996-03-28,man1.jpg,Tecnico de Taller de Micromecanica,9,Auxiliar de Registro y Estadisticas de Servicios A,8,Orientador,8,Master Universitario en Iberoamericano de Historia,Universidad de Alicante,portugues,10,italiano,8,italiano,0,frances ,6,Ajax,asp.net,Windows,jquery,html,Visual Basic,php,Sql-server
110,ELISA ANTONIA ELEXPURU,C. de Ángel Teruel 83 Piso 0 ,19519,Guadalajara,771299173,eantonia@mail.kz,1974-12-31,girl1.jpg,Especialista en Informacion Jefe,0,Especialista en Asuntos Literarios,4,Promotor de Relaciones Publicas e Interinstitucion,2,Programa Oficial de Doctorado en Psiquiatria,Universidad Loyola Andalucia,español,0,frances ,3,catalan,9,italiano,0,XML,.Net,css,jquery,javascript,Windows,Objective-c,Android
111,VALENTIN DANIEL DIXON,Urbanización Marta Suárez 959 Puerta 3 ,15306,Coruna,630076770,vdaniel@mail.kz,1977-11-12,man2.jpg,Maquinista de Buque,1,Coordinador de Deporte,3,Planificador,4,Master Ejecutivo en Direccion de Empresas/Executiv,Universidad de Deusto,holandes,6,valenciano,2,vasco,6,arabe,4,Android,python,jquery,javascript,Sql-server,iphone,Flash,.Net
112,CARMITA ROCIO CABRILLANA,Paseo de Dolores Barberá 8 Apt. 17 ,37604,Salamanca,636431448,crocio@aol.com,1992-05-31,girl1.jpg,Asistente de Almacen (Codigo Transitorio),1,Analista de Higiene y Seguridad Industrial,10,Asistente de Investigacion en Ciencias Sociales,9,Master Universitario en Sanidad Animal y Seguridad,Universidad de Lleida,aleman,6,portugues,0,aleman,9,aleman,3,jquery,iphone,html,jquery,Objective-c,Sql-server,Django,Android
113,EDISON ENRIQUE BERRIDI,Urbanización Remedios Ferrando 44,25460,Lleida,792924629,eenrique@mail.kz,1970-09-01,man1.jpg,Director de Ballet o Danza,7,Taquillero (Codigo Transitorio),6,Facilitador de Desarrollo en Asuntos Literarios,4,Master Universitario en Ingenieria informatica y d,Universidad de Castilla-La Mancha,arabe,10,catalan,1,catalan,3,catalan,8,XML,html,javascript,css,Django,php,XML,mysql
114,ADRIAN MARCEL URALDE,C. Gonzalo Benavente 577,21229,Huelva,726492586,amarcel@mail.kz,1981-02-20,man1.jpg,Investigador en Ciencias Sociales,0,Supervisor de Servicios Generales,0,Medico Jefe,4,Master Universitario en Arqueologia Aplicada. Gest,Universidad de Huelva,aleman,7,arabe,6,aleman,0,portugues,10,iphone,mysql,C++,C++,Django,Visual Basic,css,jquery
115,PINO MARIA ROCES,Vial Aitor Rubio 531 Puerta 1 ,19197,Guadalajara,629951469,pmaria@yahoo.com,1977-01-05,girl1.jpg,Planificador de Informacion y Control Estudiantil,4,Jefe de Analisis y Control Financiero,6,Tecnico de Equipos de Telecomunicaciones,10,Ingeniero Tecnico de Minas Especialidad en Recurso,Universidad de Granada,arabe,9,aleman,1,aleman,3,gallego,8,C,php,Iphone-sdk,Objective-c,Iphone-sdk,Linux,Windows,Ajax
116,SANA DIAZ GUERRA,Callejón de Sebastian Segarra 23,38732,Tenerife,760659286,sdiaz@yahoo.com,1979-11-18,man1.jpg,Asistente de farmacia,7,Asistente Ejecutivo de Egreamigos,5,Facilitador de Desarrollo en Artes Plasticas,7,Master Universitario en Gestion de Recursos Hidric,Universidad Alfonso X El Sabio,catalan,0,aleman,8,frances ,2,español,5,Java,python,Ajax,C,.Net,XML,Objective-c,Sql-server
117,BALDOMER PANGUA,Cuesta de Carla Alcántara 93,21407,Huelva,791866183,bpangu@hotmail.com,1979-07-23,man1.jpg,Dibujante Jefe,7,Contador,10,Asistente de Costos de Obras,0,Master Universitario en European Master in Lifelon,Universidad de Jaen,ingles,4,catalan,8,catalan,1,ingles,8,Visual-Studio,Sql-server,.Net,database,.Net,database,Ruby-on-rails,C++
118,REBECCA DEL REY,Glorieta Juan Carlos Bernat 38 Apt. 88 ,50580,Zaragoza,603284619,rdel@mail.com,1980-04-28,girl1.jpg,Jefe de Relaciones Interinstitucionales,10,Diagramador,2,Bombero Jefe,7,Graduado o Graduada en  Ingenieria Energetica por ,Universitat de València (Estudi General),catalan,9,catalan,3,italiano,0,valenciano,7,php,Visual-Studio,C++,asp.net,Objective-c,Windows,python,iphone
119,ADRIAN EMILIO AQUERRETA,Glorieta de Noelia Tamayo 624,24662,Leon,651710439,aemilio@mail.com,1989-12-09,man1.jpg,Maquetista,3,Analista Especialista de Recursos Humanos,0,Zootecnista,2,Master Universitario en Cornea y Lentes de Contact,Universidad Europea del Atlantico,ingles,3,holandes,10,vasco,3,aleman,10,Linux,Flash,jquery,php,css,jquery,mysql,html
120,BABACAR VILALTA,Avenida de Teresa Barreda 43 Puerta 7 ,16874,Cuenca,637046220,bvilalt@hotmail.com,1975-03-24,man1.jpg,Asistente de Botanica,7,Jefe Sectorial de Presupuesto,2,Administrador de Redes y Recursos de Informatica,4,Master Universitario en Traduccion Profesional por,Universidad Internacional de Andalucia,aleman,5,aleman,6,gallego,10,catalan,2,php,Windows,javascript,Visual Basic,Ruby-on-rails,Sql-server,Java,Android
121,PIEDAD ROCIO CAMAZON,Via Jordi Buendía 826 Piso 7 ,41247,Sevilla,749708908,procio@hotmail.com,1983-03-31,girl2.jpg,Asistente de Laboratorio Clinico,4,Supervisor de Pintores (Codigo Transitorio),9,Coordinador General de Deporte,0,Graduado o Graduada en Ingenieria Agroambiental po,Universidad Europea del Atlantico,ingles,6,aleman,7,español,5,portugues,9,C,.Net,Windows,C,Flash,asp.net,sql,css
122,MIREN JONE CALDES,Cañada Catalina Velasco 12,45442,Toledo,679430490,mjone@aol.com,1982-03-01,girl1.jpg,Asistente de Publicidad y Mercadeo,1,Coordinador Academico,8,Analista de Informacion y Control Estudiantil Jefe,2,Graduado o Graduada en Traduccion,Universidad de Salamanca,valenciano,5,gallego,5,valenciano,10,arabe,1,sql,Iphone-sdk,Windows,Linux,.Net,Linux,iphone,.Net
123,IVAN RAUL ABRISQUETA,Calle Ines Gárate 236,31386,Navarra,772946037,iraul@gmail.com,1992-05-05,man1.jpg,Abogado Especialista,5,Investigador Ocupacional,9,Editor Historico,1,Master Universitario en Trabajo Social Sanitario p,Universitat Oberta de Catalunya,valenciano,10,arabe,0,español,4,arabe,1,Objective-c,Iphone-sdk,Visual Basic,Ajax,php,sql,Visual Basic,iphone
124,KADDOUR ARNEDO,Avenida Jose Ramon Cuenca 39 Apt. 33 ,15865,Coruna,602722185,karned@yahoo.com,1970-07-13,man2.jpg,Asistente de Protocolo,7,Analista Central de Presupuesto,9,Administrador de Redes y Recursos de Informatica,7,Doctor en Programa Oficial de Posgrado en Metodos ,Universitat Internacional Valenciana,aleman,2,frances ,9,gallego,0,vasco,1,css,C,Linux,Ruby-on-rails,C++,Visual Basic,Visual-Studio,Ruby-on-rails
125,MIRIAN NOEMI ASTOBIETA,Urbanización de Begoña Ayala 3 Piso 9 ,02421,Albacete,638571456,mnoemi@aol.com,1993-06-05,girl1.jpg,Bombero Inspector,1,Secretaria (o),6,Asistente de Recursos Humanos,3,Doctor en Programa Oficial de Posgrado en Banca y ,Universidad de Almeria,valenciano,6,ingles,2,italiano,1,valenciano,7,.Net,Java,javascript,html,sql,Java,javascript,Sql-server
126,LOTHAR GANDULLO,Vial de Remedios Salvà 29,04923,Almeria,775511933,lgandull@aol.com,1974-07-09,man1.jpg,Jefe de Analisis y Procesamiento de Compras,6,Supervisor de Pintores (Codigo Transitorio),0,Jefe de Proteccion Ambiental,4,Programa Oficial de Doctorado en Terapia Manual,Universidad de Cantabria,arabe,10,vasco,1,español,7,gallego,5,css,python,Flash,Ruby-on-rails,XML,Visual Basic,Sql-server,asp.net
127,BURKHARD RUIGOMEZ,C. de Beatriz Pizarro 68 Apt. 02 ,12932,Castellon,669598945,bruigome@mail.kz,1974-08-11,man1.jpg,Archivista,9,Orientador,10,Coordinador de Centro de Estudios en Artes,4,Master Universitario en Direccion de Sistemas de I,Universidad de Granada,aleman,2,aleman,4,catalan,0,gallego,2,jquery,Django,Iphone-sdk,asp.net,XML,Sql-server,Sql-server,Linux
128,THAIS MARIA DAHBI,Alameda de Francisca Prat 11,05446,Avila,628019025,tmaria@hotmail.com,1977-10-29,girl2.jpg,Recepcionista,1,Asistente de Tesoreria,2,Promotor de Cursos,7,Programa Oficial de Doctorado en Microelectronica,Universidad Europea de Madrid,español,8,arabe,0,gallego,9,vasco,10,iphone,Flash,asp.net,Android,css,XML,sql,asp.net
129,CRISTINA AMELIA TENEZACA,Glorieta de Jose Ignacio Sedano 22 Piso 8 ,02113,Albacete,774823121,camelia@gmail.com,1981-02-09,girl2.jpg,Jefe de Proyectos Arquitectonicos y de Ingenieria,7,Jefe de Informacion y Control Estudiantil,8,Bombero,3,Master Universitario en Gestion e Innovacion en la,Universidad Catolica San Antonio,vasco,7,frances ,6,frances ,10,aleman,1,XML,Flash,sql,css,Ruby-on-rails,Ajax,sql,Flash
130,IVAN DOMINGO OUTEIRO,Camino Jesús Daza 77 Apt. 38 ,23798,Jaen,669081725,idomingo@gmail.com,1997-05-22,man1.jpg,Especialista en Informacion,10,Jefe de Protocolo,10,Asistente de Publicidad y Mercadeo,8,Programa Oficial de Doctorado en Menores en Situac,Universidad de Castilla-La Mancha,frances ,2,catalan,8,español,4,frances ,3,XML,Android,php,Django,html,Flash,Objective-c,Objective-c
131,JULIA LAURA MIGENS,Cuesta de Jose Antonio Garrido 93 Apt. 57 ,32105,Ourense,793473693,jlaura@gmail.com,1984-01-26,girl1.jpg,Tecnico de Grabacion de Radiodifusora ,9,Psicologo,4,Supervisor de Asuntos Audiovisuales,4,Master Universitario en Nutricion y Salud,Universidad de Leon,ingles,0,valenciano,0,gallego,3,italiano,4,python,python,Django,Windows,Flash,Iphone-sdk,C,Visual-Studio
132,TEMISTOCLES PEÑATO,C. Laura Perera 66 Apt. 60 ,19848,Guadalajara,671405744,tpeÑat@aol.com,1971-04-16,man2.jpg,Asistente de Contabilidad,6,Luminotecnico,1,Coordinador de Deporte,2,Graduado o Graduada en Ingenieria en Tecnologia In,Universidad de Salamanca,aleman,5,valenciano,1,frances ,0,español,0,sql,html,database,C++,Flash,Linux,php,Objective-c
133,ANDREA IOANA ESCAURIAZA,Vial de Isabel Robledo 9,36248,Pontevedra,678539775,aioana@hotmail.com,1980-12-24,girl1.jpg,Operador de Maquina de Reproduccion (Codigo Transi,8,Farmaceutico,2,Dibujante Jefe,2,Graduado o Graduada en Ingenieria de Tecnologia de,Universidad Pontificia de Salamanca,ingles,3,arabe,6,español,3,arabe,4,php,Objective-c,Iphone-sdk,Ruby-on-rails,Iphone-sdk,Android,Iphone-sdk,database
134,CARMEN PAULINA AÑORGA,Acceso Rocio Llorens 2,18671,Granada,772283975,cpaulina@gmail.com,1985-11-18,girl2.jpg,Director de Agrupacion Musical,7,Jefe de Artes,5,Analista de Colocacion y Seguimiento de Pasantias ,0,Master Universitario en Genero y Diversidad por la,Universidad de Zaragoza,vasco,2,ingles,5,holandes,8,portugues,0,mysql,XML,C,Visual-Studio,Visual Basic,sql,sql,Ruby-on-rails
135,ADRIANA FERNANDA FOLGUERAS,Pasadizo de Joaquin Ramis 1 Apt. 30 ,36953,Pontevedra,664020059,afernanda@mail.kz,1983-03-07,girl2.jpg,Supervisor de Transporte,2,Coordinador del Programa de Asistencia Medica Estu,1,Especialista en Asuntos Literarios,8,Master Universitario en Europa El Mundo Mediterran,Universidad Cardenal Herrera-CEU,portugues,1,aleman,2,español,4,holandes,2,Flash,sql,html,XML,Ruby-on-rails,Android,Visual Basic,javascript
136,AMIDOU SUÑEN,Glorieta de Aurora Miguel 22,11650,Cadiz,604085603,asuÑe@mail.kz,1994-05-23,man2.jpg,Asistente de Publicaciones,5,Tecnico de Taller de Micromecanica,1,Enfermera (o) Instrumentista,8,Master Universitario en Ingenieria de Sistemas de ,Universidad Pablo de Olavide,gallego,5,vasco,3,arabe,5,catalan,0,Django,javascript,Ajax,Ruby-on-rails,XML,sql,sql,Linux
137,CESAR RUBEN LAPLANA,Cuesta de Jose Manuel Fonseca 14,09666,Burgos,607302041,cruben@yahoo.com,1971-11-05,man2.jpg,Jefe de Unidades Nutricionales,0,Diseñador Grafico,8,Tecnico Quimico,0,Programa Oficial de Doctorado en Tecnologia de Inv,Universidad de Deusto,ingles,3,portugues,7,gallego,9,portugues,2,php,Linux,.Net,Android,Sql-server,Visual-Studio,python,Java
138,DELIA ROSA ARISTIZABAL,Plaza Jose Carlos Páez 978 Apt. 41 ,02348,Albacete,621161809,drosa@aol.com,1979-09-13,girl1.jpg,Asistente Ejecutivo de Egreamigos,7,Ingeniero Agronomo Jefe,8,Docente en Artes Escenicas,9,Graduado o Graduada en Nutricion Humana y Dietetic,Universidad Fernando Pessoa-Canarias (UFP-C),gallego,7,valenciano,6,frances ,0,portugues,0,Linux,css,css,sql,database,iphone,Ajax,Android
139,PATRICIA ELAINE GONDAL,Plaza de Sebastian Parra 22 Apt. 21 ,08606,Barcelona,728881068,pelaine@yahoo.com,1970-07-17,girl2.jpg,Director de Teatro,3,Jefe de Taller Automotor,4,Instructor de Desarrollo en Artes Auditivas,9,Doctor en Programa Oficial de Posgrado en empresa,Universidad Pompeu Fabra,aleman,9,holandes,2,ingles,0,vasco,1,sql,javascript,asp.net,Ajax,asp.net,javascript,sql,Django
140,ELENA EUGENIA AMARELLE,Callejón Gabriel Velasco 65,44389,Teruel,709275324,eeugenia@gmail.com,1985-08-14,girl2.jpg,Asistente de Organizacion Cultural,0,Inspector de Obras,0,Asistente de Zootecnia,8,Master Universitario en Estudios Filologicos Super,Universidad de Extremadura,ingles,8,italiano,7,portugues,8,portugues,8,Ajax,Flash,Linux,Iphone-sdk,C++,python,css,jquery
141,ZOUHRA TORNER,Ronda Marta Amorós 51 Puerta 3 ,10450,Caceres,747428354,ztorne@yahoo.com,1986-12-31,girl2.jpg,Concertino,0,Dibujante Jefe,1,Actor,1,Programa de Doctorado en Ocio Cultura y Comunicaci,Universidad de Jaen,frances ,1,portugues,4,holandes,7,portugues,2,jquery,php,Visual-Studio,html,Sql-server,php,XML,Objective-c
142,XIAOMEI NODA,Cuesta Marina Torrijos 1,27912,Lugo,657702972,xnod@yahoo.com,1993-07-01,girl1.jpg,Director de Ballet o Danza,2,Coordinador de Pasantias y Actividades Complementa,7,Auditor,2,Master Universitario en Estudios Avanzados en Lite,Universitat Internacional de Catalunya,portugues,4,italiano,2,italiano,5,italiano,2,Django,C++,javascript,jquery,Visual Basic,Ajax,php,sql
143,IGNACIO LORENZO RESENDE,Cañada de Jorge Jódar 82,38504,Tenerife,610384282,ilorenzo@yahoo.com,1979-04-25,man2.jpg,Secretaria (o) Ejecutiva (o),10,Asistente de Psicologo (Codigo Transitorio),5,Archivista,7,Diplomado en Ciencias Empresariales,(Conjunto),español,2,ingles,1,italiano,4,vasco,4,css,Visual Basic,Ruby-on-rails,Ajax,iphone,Android,C++,Sql-server
144,JOSE FULGENCIO AZUAGA,Ronda de Juana Monreal 881 Puerta 6 ,01541,Alava,782798281,jfulgencio@hotmail.com,1971-10-31,man2.jpg,Jefe Sectorial de Compras,6,Arreglista Musical,8,Trabajador Social Jefe,10,Master Universitario en Gerontologia por la Univer,Universidad Nacional de Educacion a Distancia,español,5,valenciano,0,arabe,6,español,5,Windows,mysql,iphone,mysql,Sql-server,css,database,Linux
145,PHILOMENA CAETANO,Calle de Salvador Villar 90 Piso 1 ,31101,Navarra,619432355,pcaetan@yahoo.com,1988-10-08,girl2.jpg,Ingeniero de Proyectos,4,Facilitador de Desarrollo en Artes Plasticas,8,Asistente de Organizacion Cultural,7,Master Universitario en Interpretacion e Investiga,Universidad de Navarra,español,4,ingles,7,gallego,9,arabe,6,Ruby-on-rails,iphone,php,Flash,Visual-Studio,Linux,Iphone-sdk,C
146,JANICE ELIZABETH AJBAR,Pasadizo de Sara Sureda 958,45199,Toledo,628250731,jelizabeth@hotmail.com,1972-10-03,girl1.jpg,Supervisor de Registro y Control de Bienes,6,Camarografo,4,Jefe de Mantenimiento y Reparaciones,5,Programa Oficial de Doctorado en Estudios de Gener,Universitat de les Illes Balears,gallego,2,ingles,8,vasco,2,catalan,5,Visual-Studio,Ruby-on-rails,Android,jquery,XML,database,C++,Visual-Studio
147,BENACHIR GALERON,Camino de Jose Manuel Azorin 14 Apt. 57 ,40814,Segovia,763159228,bgalero@yahoo.com,1985-12-14,man2.jpg,Actor,0,Analista Programador de Sistemas,5,Tecnico Acuicultor,7,Master Universitario en Comunicacion en Nutricion ,Universidad de Sevilla,arabe,5,holandes,0,frances ,2,portugues,0,Ruby-on-rails,C,sql,javascript,asp.net,C++,database,C++
148,GABRIEL PABLO AUDI,Rambla Victor Gargallo 574 Apt. 10 ,44229,Teruel,768313425,gpablo@mail.com,1994-05-21,man1.jpg,Director de Orfeon Universitario,5,Analista de Laboratorio de Proteccion Ambiental,10,Analista de Higiene y Seguridad Industrial,4,Master Universitario en Translation and Intercultu,Universidad de Extremadura,vasco,3,gallego,9,valenciano,2,catalan,9,database,html,Visual Basic,Sql-server,css,sql,Visual Basic,python
149,ARABIA FUSTE,Cuesta de Luisa Armengol 34 Puerta 9 ,34180,Palencia,684302130,afust@aol.com,1979-08-13,girl1.jpg,Revisor de Contraloria,6,Instrumentista Folklorico,2,Asistente de Publicidad y Mercadeo,10,Programa Oficial de Doctorado en Estadistica e Inv,Otros Centros de Nivel Universitario,italiano,2,arabe,9,portugues,4,portugues,1,Flash,Linux,Ajax,Ajax,jquery,Objective-c,Ruby-on-rails,Django
150,RITA INMACULADA TAZO,Cañada Lorenzo Carrillo 13,41886,Sevilla,752104587,rinmaculada@hotmail.com,1975-05-05,girl1.jpg,Jefe de Proteccion y Seguridad,10,Jefe de Salud Integral,8,Asistente de Contabilidad,6,Programa Oficial de Doctorado en Neurociencia,Universidad Fernando Pessoa-Canarias (UFP-C),frances ,4,holandes,8,portugues,0,italiano,6,Visual Basic,.Net,Sql-server,database,python,XML,Visual Basic,Windows
151,JOSEPH WILLIAM HINCHADO,Cuesta Natalia Ferrero 10 Puerta 7 ,28222,Madrid,652547655,jwilliam@hotmail.com,1974-11-18,man1.jpg,Oficial de Correo,9,Analista de Colocacion y Seguimiento de Pasantias ,6,Curador,9,Master Universitario en Assessorament Lingüistic ,Universidad de Extremadura,frances ,6,valenciano,1,catalan,1,gallego,9,Ruby-on-rails,Ruby-on-rails,Android,jquery,mysql,jquery,Visual-Studio,Visual Basic
152,JORGE MIGUEL SALIDO,Calle de Pilar Hervia 65 Puerta 5 ,36270,Pontevedra,742932512,jmiguel@gmail.com,1986-02-10,man1.jpg,Tecnico Acuicultor,7,Analista Programador de Sistemas,9,Psicopedagogo,10,Master Universitario en Restauracion y Gestion Int,Universidad Nacional de Educacion a Distancia,ingles,9,ingles,3,español,5,holandes,3,.Net,sql,jquery,Windows,Flash,iphone,javascript,html
153,PERPETUA CALLEJAS,Via de Salvador Salom 76 Puerta 8 ,52361,Melilla,601757419,pcalleja@hotmail.com,1986-05-21,girl2.jpg,Especialista de Sistemas de Informatica,1,Recepcionista,10,Coordinador de Desarrollo de Servicios Estudiantil,3,Master Universitario en Biotecnologia Avanzada por,Universidad de Alcala,portugues,2,holandes,6,aleman,7,aleman,10,Visual Basic,mysql,css,iphone,.Net,css,Iphone-sdk,C
154,TIMOFEY OIZ,Alameda Jose Carreño 80 Piso 2 ,02796,Albacete,788367144,toi@mail.kz,1971-04-09,man2.jpg,Secretaria (o) Ejecutiva (o) Bilingüe,1,Traductor,10,Coordinador de Preescolar,6,Programa de Doctorado en Ingenieria de Sistemas El,Universidad Pablo de Olavide,frances ,6,valenciano,10,italiano,3,italiano,6,Iphone-sdk,Java,css,mysql,Visual Basic,Java,Flash,Ruby-on-rails
155,VIRNA FAUBELL,Alameda de Silvia Puente 573,11936,Cadiz,717051159,vfaubel@gmail.com,1992-02-14,girl2.jpg,Analista de Higiene y Seguridad Industrial,3,Jefe de Artes,9,Docente de Aula,8,Graduado Superior en Biotecnologia,Universidad de Alicante,ingles,1,aleman,8,arabe,8,aleman,5,Ruby-on-rails,Flash,Objective-c,Linux,Linux,.Net,Flash,asp.net
156,TOMASZ GRZEGORZ DEVAL,Urbanización de Manuela Teruel 914 Puerta 1 ,11291,Cadiz,626646633,tgrzegorz@mail.kz,1988-11-18,man1.jpg,Supervisor del Programa Asistencia Medica Estudian,2,Bombero Inspector,5,Facilitador de Desarrollo en Artes Auditivas,4,Graduado o Graduada en Bioquimica,Universidad Politecnica de Madrid,aleman,0,español,0,vasco,10,valenciano,2,Iphone-sdk,python,sql,database,Objective-c,Ruby-on-rails,Flash,Visual-Studio
157,JEREMY JOEL GARCIA FOGEDA,Pasadizo de Nicolás Ródenas 5,15526,Coruna,691142472,jjoel@hotmail.com,1978-05-07,man2.jpg,Supervisor de Registro y Apoyo Asistencial,8,Jefe de Seccion de Informatica,8,Coordinador de Publicaciones,4,Master Universitario en Atencion a Pacientes con D,Universidad Europea Miguel de Cervantes,vasco,3,español,0,aleman,3,italiano,2,php,python,Ruby-on-rails,css,sql,sql,Flash,iphone
158,CINTIA LORENA ALGARAÑAZ,Acceso de Hector Jara 440,11809,Cadiz,644130781,clorena@gmail.com,1981-05-04,girl1.jpg,Ingeniero Forestal,8,Archivista,10,Coordinador Academico,8,Master Universitario en Mediacion por la Universid,Universidad Loyola Andalucia,catalan,8,aleman,5,valenciano,7,italiano,4,XML,php,Flash,asp.net,Windows,Flash,Ajax,Ajax
159,SHAMAILA BROULLON,Glorieta de Mario Castillo 52,40110,Segovia,700585553,sbroullo@mail.com,1971-08-02,girl1.jpg,Tecnico en Telematica,3,Coordinador de Pasantias y Actividades Complementa,2,Jefe de Analisis y Control Financiero,3,Graduado o Graduada en Gestion y Administracion Pu,Universidad Loyola Andalucia,portugues,10,aleman,7,aleman,7,gallego,9,iphone,Android,css,html,Linux,Ruby-on-rails,javascript,css
160,KHALISSA BLAGA,Cuesta Alejandro Sanmiguel 4 Puerta 3 ,27678,Lugo,714697347,kblag@aol.com,1980-09-21,girl2.jpg,Zootecnista,3,Administrador Jefe,0,Farmaceutico,9,Master Universitario en Educacion Artistica en Ins,Universidad de Oviedo,italiano,2,ingles,4,valenciano,9,vasco,1,css,database,sql,mysql,Ruby-on-rails,Java,.Net,iphone
161,DAMIAN ANDRES BIARGE,Ronda Nuria Pujol 38 Apt. 44 ,29406,Malaga,738758246,dandres@gmail.com,1994-11-04,man1.jpg,Secretaria (o),0,Asistente de Biblioteca,2,Jefe de Seguridad Industrial e Higiene Ocupacional,2,Master Universitario en Neurociencia y Cognicion,Universidad Internacional de La Rioja,vasco,0,ingles,4,italiano,4,italiano,7,php,C,Flash,python,.Net,Sql-server,sql,Flash
162,RONY TOMILLO,Acceso Claudia Tello 1 Apt. 33 ,43227,Tarragona,661411622,rtomill@aol.com,1982-11-21,man2.jpg,Facilitador de Desarrollo en Asuntos Literarios,1,Enfermera (o),0,Camarografo,10,Graduado o Graduada en Seguridad y Control de Ries,(Conjunto Internacional),aleman,1,catalan,8,holandes,8,holandes,9,C,Android,Linux,C,python,Visual Basic,Sql-server,Ajax
163,JORDI ALBERT TORDESILLAS,Calle Jorge España 4,43184,Tarragona,669671854,jalbert@mail.kz,1985-09-03,man2.jpg,Psicologo Jefe,0,Psicopedagogo,1,Operador de Audio,10,Master Universitario en Investigacion de Empresas ,Universidad de Murcia,arabe,6,portugues,7,italiano,3,holandes,2,sql,Flash,Django,Windows,C++,.Net,php,javascript
164,MICHELLE ELIZABETH BARRIGUETE,Urbanización Jose Luis Montalbán 511,21649,Huelva,673324773,melizabeth@aol.com,1977-06-26,girl2.jpg,Analista de Colocacion y Seguimiento de Pasantias ,9,Asistente de Anatomia y Patologia,8,Coordinador de Cine Club,8,Programa Oficial de Doctorado en Antropologia Apli,Universidad de Las Palmas de Gran Canaria,arabe,8,italiano,4,gallego,0,gallego,5,Flash,Iphone-sdk,html,iphone,Objective-c,php,asp.net,html
165,EVA SOFIA ALDERETE,Vial Ines Montoya 41 Puerta 3 ,28318,Madrid,769926241,esofia@yahoo.com,1989-07-29,girl1.jpg,Almacenista (Codigo Transitorio),3,Asistente Ejecutivo de Estudios para Graduados,1,Enfermera (o),5,Programa Oficial de Doctorado en Estudios arabes e,Universidad de Deusto,frances ,5,italiano,8,gallego,4,arabe,5,Sql-server,iphone,javascript,Ruby-on-rails,javascript,sql,Ajax,jquery
166,CRISTIAN EDUARDO TERRES,Rambla de Laura Fabregat 25 Apt. 29 ,15840,Coruna,673234487,ceduardo@mail.com,1987-09-15,man1.jpg,Jefe de Inventarios,7,Editor Historico,7,Jefe Sectorial de Compras,6,Master Universitario en Analisis Economico de Poli,(Conjunto),italiano,7,catalan,2,ingles,6,arabe,4,Android,Iphone-sdk,Iphone-sdk,php,Visual-Studio,Django,Visual-Studio,Windows
167,ANA MODESTA BABON,Acceso Jose Carlos Perez 2 Piso 5 ,38750,Tenerife,744894211,amodesta@gmail.com,1987-01-04,girl2.jpg,Supervisor de Servicios de Mantenimiento,8,Coordinador Administrativo,3,Supervisor de Costos de Obras,9,Master Universitario en Agroalimentacion,Universitat Politècnica de València,ingles,3,arabe,2,frances ,1,español,7,Visual Basic,javascript,php,Windows,iphone,sql,jquery,python
168,DACIANA VILLASOL,Calle de Francisco Blasco 166 Piso 4 ,41571,Sevilla,764180430,dvillaso@yahoo.com,1997-12-12,girl1.jpg,Director de Coral,8,Instructor de Desarrollo en Artes Escenicas,3,Supervisor de Biblioteca,2,Doctor in Theologia por la Facultad de Teologia Sa,Universidad Rovira i Virgili,arabe,8,frances ,3,ingles,1,vasco,0,C++,Visual Basic,css,Flash,Linux,iphone,XML,php
169,IONUT ADRIAN CORTIZO,C. de Gema Amigó 75 Piso 3 ,04333,Almeria,768949467,iadrian@gmail.com,1995-03-16,man1.jpg,Revisor de Contraloria,6,Asistente de Asuntos Literarios,0,Coralista Lider de Cuerdas,7,Master Universitario en Drogodependencias y otras ,Universidad Fernando Pessoa-Canarias (UFP-C),arabe,0,arabe,1,frances ,10,arabe,6,Flash,Ajax,Ajax,css,database,python,database,sql
170,DILENIA SISTO,Ronda Verónica Castellanos 84 Apt. 55 ,43228,Tarragona,695940603,dsist@hotmail.com,1992-11-28,girl2.jpg,Asistente de Anatomia y Patologia,6,Enfermera (o),7,Asistente de Costos de Obras,9,Doctor in Theologia,Universidad Autonoma de Madrid,portugues,9,portugues,6,español,3,ingles,7,C++,asp.net,Objective-c,Visual Basic,Visual-Studio,asp.net,php,database
171,CELINDA YIN,Callejón Carmen Vélez 76,03124,Alicante,745840476,cyi@hotmail.com,1974-08-19,girl2.jpg,Asistente Agropecuario,8,Capellan,3,Interprete Vocal,2,Programa Oficial de Doctorado en La Perspectiva Fe,Universidad Politecnica de Madrid,gallego,8,italiano,8,catalan,0,portugues,10,php,javascript,javascript,asp.net,Sql-server,Ruby-on-rails,.Net,C++
172,ANDREEA REBECA PUPPO,Alameda de Mariano Arregui 92 Puerta 8 ,52879,Melilla,700807422,arebeca@hotmail.com,1991-11-22,girl1.jpg,Analista Programador de Sistemas,8,Especialista en Informacion,8,Promotor Social,6,Programa Oficial de Doctorado en Ingenieria del Ag,Universitat Politècnica de València,frances ,4,catalan,10,valenciano,4,catalan,9,Django,python,Objective-c,Windows,asp.net,mysql,mysql,Flash
173,AYOUB MOYANO,Plaza de Hugo Galván 737 Apt. 14 ,47432,Valladolid,755510438,amoyan@yahoo.com,1994-11-09,man2.jpg,Asistente de Campo,3,Coordinador de Pasantias y Actividades Complementa,7,Bioanalista,4,Master Universitario en Energias Renovables por la,Universidad de La Rioja,gallego,9,valenciano,4,vasco,1,portugues,6,Django,Ruby-on-rails,php,Java,Java,Objective-c,Sql-server,mysql
174,NADINA CORTIÑAS,Vial Diego Oliveras 2,47583,Valladolid,787016176,ncortiÑa@gmail.com,1995-11-09,girl2.jpg,Investigador Ocupacional,1,Cajero Jefe,3,Microfilmador,8,Master Universitario en Derecho Urbanistico y del ,Universidad Cardenal Herrera-CEU,frances ,9,vasco,1,portugues,3,arabe,0,css,Visual Basic,C,asp.net,python,sql,C++,Android
175,NELSON ALEJANDRO GASENT,C. Lorenzo Sacristán 64,19951,Guadalajara,742267080,nalejandro@aol.com,1980-08-30,man2.jpg,Medico General,4,Coralista Lider de Cuerdas,6,Comandante del Cuerpo de Bomberos ,2,Master Universitario en Empresas y Mercados Turist,Universidad Europea Miguel de Cervantes,italiano,6,holandes,5,frances ,4,italiano,3,Iphone-sdk,Ajax,mysql,Objective-c,Flash,.Net,css,.Net
176,ESTRELLA JESUS VALDEAVERO,Callejón Felipe Piña 8,30282,Murcia,690110338,ejesus@mail.kz,1988-08-20,girl2.jpg,Secretaria (o) Ejecutiva (o) Bilingüe,10,Inspector de Control de Perdidas,3,Secretaria (o) Bilingüe,6,Doctor en Programa Oficial de Posgrado en biologia,Universidad Pontificia Comillas,aleman,7,frances ,1,valenciano,10,italiano,5,jquery,iphone,Flash,Iphone-sdk,Java,mysql,Flash,Flash
177,MONICA JANET MARZOK,Calle de Salvador Vidal 64 Puerta 7 ,40221,Segovia,693619883,mjanet@mail.kz,1988-10-17,girl1.jpg,Asistente de Organizacion Cultural,9,Asistente Financiero,10,Jefe de Taller Automotor,4,Licentiatus in Cantu Gregoriano,Universidad Politecnica de Catalunya,frances ,10,catalan,5,vasco,6,aleman,4,sql,Windows,.Net,css,asp.net,css,Objective-c,XML
178,ZHUYING FARRARONS,Vial Miguel Ángel Elías 38,49261,Zamora,647136412,zfarraron@yahoo.com,1973-08-13,girl1.jpg,Medico General,7,Jefe de Trafico,8,Inspector de Higiene y Control de Precios de Alime,1,Master Universitario en Ciencias de la Antigüedad,Universidad Autonoma de Barcelona,frances ,9,catalan,4,vasco,8,catalan,9,html,python,Sql-server,Linux,mysql,python,php,XML
179,WAFAA FIGUEREDO,Cañada Jaime Solera 34 Puerta 5 ,24430,Leon,747223155,wfiguered@mail.com,1988-04-07,girl1.jpg,Inspector de Proteccion Ambiental,1,Asistente de Protocolo,2,Tecnico Plomero (Codigo Transitorio),4,Programa de Doctorado en Fisiologia por la Univers,Universidad de Cordoba,español,3,vasco,9,español,2,italiano,3,C++,asp.net,Django,C,C++,css,Flash,Ajax
180,DIMITAR HRISTOV CHIRU,C. de Alvaro Asenjo 372,49192,Zamora,757368673,dhristov@hotmail.com,1983-06-21,man2.jpg,Recepcionista,3,Inspector de Control de Perdidas,9,Docente de Artes Plasticas,4,Master Universitario en Tecnicas Avanzadas para la,Universidad de Cantabria,español,3,italiano,9,italiano,2,gallego,0,Windows,Ruby-on-rails,database,css,Java,jquery,html,C
181,MARIO VICTOR ONDARRA,Pasadizo de Sara Jáuregui 38,36831,Pontevedra,678258819,mvictor@mail.kz,1973-10-21,man1.jpg,Auxiliar de Servicios para el Arte,0,Traductor,2,Jefe de Tesoreria,9,Doctor en Programa Oficial de Posgrado en Epidemio,Universidad de Girona,holandes,3,gallego,5,catalan,5,frances ,1,Linux,.Net,Visual-Studio,Ruby-on-rails,XML,php,Flash,Ruby-on-rails
182,VIOREL DANIEL DOMECQ,Rambla Olga Jover 2 Apt. 47 ,25473,Lleida,685394874,vdaniel@mail.kz,1973-07-07,man1.jpg,Docente en Artes Escenicas,9,Analista de Higiene y Seguridad Industrial,3,Fotolitografo,10,Master Universitario en Gastronomia y Ciencias de ,Universidad Europea Miguel de Cervantes,gallego,8,portugues,10,ingles,3,español,8,mysql,Visual-Studio,Visual Basic,mysql,python,sql,C,C
183,ANA ADELINA MARSH,Pasaje Miguel Abellán 23 Puerta 7 ,32861,Ourense,611104447,aadelina@mail.com,1972-02-29,girl1.jpg,Dibujante Ilustrador Jefe,10,Bombero Jefe,0,Soplador de Vidrio,0,Master Universitario en Tecnologias y Gestion de l,Universidad Publica de Navarra,vasco,6,holandes,3,aleman,5,catalan,4,Android,C++,Django,javascript,Sql-server,jquery,Ruby-on-rails,.Net
184,VASIL NIKOLOV CLUSA,Callejón Catalina Santiago 8,51302,Ceuta,668705868,vnikolov@mail.com,1976-06-17,man2.jpg,Editor Historico,7,Especialista en Informacion,3,Director de Coral,5,Master Universitario en Microbiologia por la Unive,Universidad de Navarra,gallego,1,frances ,6,vasco,5,frances ,10,sql,Objective-c,Linux,asp.net,php,Objective-c,XML,Objective-c
185,MANUEL ULISES MONCO,Rambla de Jaime Ruano 232,09955,Burgos,616976955,mulises@mail.kz,1974-06-15,man2.jpg,Jefe de Servicios Generales,9,Odontologo,4,Fotografo,7,Master Universitario en Direccion y Gestion de Ins,Universidad de Oviedo,ingles,4,catalan,9,portugues,3,vasco,2,html,mysql,Ruby-on-rails,C,Visual Basic,Visual Basic,C,python
186,XIMENA CARMEN ESCASO,Glorieta de Pablo Pol 360 Piso 9 ,12928,Castellon,630815077,xcarmen@gmail.com,1973-09-17,girl1.jpg,Coordinador Sectorial de Cultura,3,Asistente Financiero,7,Asistente de Seguro de Transporte Automotor,6,Master Universitario en Perfiles Forenses de Pelig,Universidad de Granada,holandes,3,italiano,8,gallego,3,catalan,5,XML,javascript,Visual-Studio,database,C,iphone,Ruby-on-rails,database
187,JULIO ESTEBAN JOHNSTON,Camino de Julia Landa 57 Piso 1 ,48854,Bizkaia,742089691,jesteban@mail.kz,1984-01-01,man1.jpg,Asistente de Organizacion Cultural,0,Serigrafista,0,Tecnico Plomero (Codigo Transitorio),9,Master Universitario en Teoria y Critica de la Cul,Universidad Internacional de La Rioja,catalan,3,vasco,0,frances ,10,holandes,10,Windows,Windows,php,python,Flash,python,XML,Sql-server
188,BARRY GEORGE TARRIAS,Calle Guillermo Bayona 53,37715,Salamanca,752767771,bgeorge@mail.kz,1976-06-19,man2.jpg,Asistente de Presupuesto,10,Supervisor de Proteccion y Seguridad ,2,Jefe de Nomina,3,Programa de Doctorado en Cerebro Cognicion y Condu,Universitat de València (Estudi General),frances ,7,portugues,5,catalan,8,vasco,5,.Net,Visual Basic,Flash,css,Django,python,Android,sql
189,FANICA MOURELLE,Acceso Marcos Larrañaga 22 Piso 0 ,21567,Huelva,668529557,fmourell@hotmail.com,1970-03-21,man1.jpg,Facilitador de Desarrollo en Asuntos Literarios,0,Inspector de Seguridad Industrial e Higiene Ocupac,10,Recepcionista,6,Master Universitario en Necesidades Especificas de,Universidad de Girona,frances ,9,italiano,1,ingles,1,portugues,5,asp.net,Objective-c,Sql-server,mysql,XML,python,database,XML
190,MAMADOU MOUSTAPHA ROFES,Via de Francisco Jose Camino 63 Apt. 74 ,40955,Segovia,749957286,mmoustapha@mail.kz,1997-01-21,man2.jpg,Coordinador General de Deporte,9,Coordinador de Cine Club,3,Jefe de Obras,1,Graduado o Graduada en Logopedia  por la Universid,Universidad Pablo de Olavide,español,2,vasco,3,catalan,6,ingles,10,Visual-Studio,Flash,Ruby-on-rails,python,.Net,Visual-Studio,XML,Android
191,JESSICA FILIPA CONCEIÇAO,C. de Alberto Suarez 527,12487,Castellon,658305596,jfilipa@mail.com,1972-12-16,girl2.jpg,Asistente Administrativo,7,Comprador,1,Topografo ,8,Master Universitario en Medicina Traslacional,IE Universidad,catalan,5,vasco,1,aleman,7,gallego,3,.Net,database,Sql-server,Visual Basic,php,C,Iphone-sdk,javascript
192,TOMAS ALFREDO SAMARIN,Urbanización Samuel Moreno 9 Apt. 53 ,38268,Tenerife,618600985,talfredo@yahoo.com,1976-09-28,man2.jpg,Auxiliar de Laboratorio,2,Jefe de Relaciones Interinstitucionales,10,Comprador,10,Programa Oficial de Doctorado en Analisis Economic,Universidad Miguel Hernandez de Elche,vasco,9,español,0,portugues,9,portugues,3,Django,iphone,sql,database,Ajax,php,Visual-Studio,Django
193,DIEGO JORGE CASCAN,Pasaje Ricardo Alemany 33,37650,Salamanca,753266871,djorge@mail.com,1986-08-18,man2.jpg,Asistente de Almacen (Codigo Transitorio),6,Auxiliar de Registro y Estadisticas de Servicios A,3,Jefe de Operaciones Bomberiles,9,Master Universitario en Responsabilidad Social Cor,Universidad Alfonso X El Sabio,holandes,10,italiano,0,ingles,5,arabe,1,Iphone-sdk,XML,C,Java,jquery,Ruby-on-rails,Flash,.Net
194,ROCIO ALMUDENA PETIDIER,Rambla Ángeles Lucas 509,11496,Cadiz,664648999,ralmudena@yahoo.com,1975-07-25,girl2.jpg,Supervisor de Proteccion y Seguridad ,3,Jefe de Planes Operativos y Estrategicos,8,Supervisor de Transporte,6,Master Universitario en Aprendizaje a lo largo de ,Universidad de Santiago de Compostela,vasco,7,ingles,1,ingles,4,holandes,0,Django,html,asp.net,jquery,C++,Java,C++,Ruby-on-rails
195,LETICIA CAROLINA GIFRE,Pasaje de Daniela Ferrando 3,44190,Teruel,790239533,lcarolina@aol.com,1974-10-11,girl2.jpg,Medico Veterinario,5,Tecnico Acuicultor,7,Maquinista de Buque,0,Master Universitario en Economia Internacional y R,Universidad Publica de Navarra,valenciano,4,vasco,3,aleman,3,frances ,9,asp.net,C,Ruby-on-rails,C++,iphone,php,html,php
196,DORA LUZ MONTANO,Glorieta de Marc Morata 93 Apt. 67 ,37409,Salamanca,663245297,dluz@yahoo.com,1973-09-24,girl2.jpg,Almacenista (Codigo Transitorio),10,Coordinador del Programa de Asistencia Medica Estu,7,Jefe de Prensa,3,Graduado o Graduada en Gestion Informatica Empresa,Universidad Alfonso X El Sabio,frances ,5,catalan,1,catalan,5,aleman,8,Ruby-on-rails,Visual-Studio,iphone,Django,Django,html,Ruby-on-rails,C++
197,KARLA LORENA GARAIZAR,Vial de Victor Manuel Morante 7,16166,Cuenca,706330095,klorena@mail.kz,1995-02-02,girl1.jpg,Administrador,8,Jefe de Proteccion Ambiental,9,Tallador de Diamantes,7,Programa de Doctorado en Medio Ambiente y Recursos,Universidad Europea del Atlantico,ingles,5,español,3,aleman,10,gallego,10,database,XML,css,Windows,Ajax,Flash,Linux,asp.net
198,MARCO FRANCISCO VEREZ,Cuesta Miguel Jordán 943,06561,Badajoz,665204618,mfrancisco@mail.com,1983-07-14,man2.jpg,Soplador de Vidrio Jefe,3,Supervisor de Servicios Generales,5,Inspector de Higiene y Control de Precios de Alime,7,Master Universitario en Sostenibilidad y Eficienci,Universidad de Castilla-La Mancha,español,10,ingles,7,portugues,8,catalan,3,asp.net,iphone,sql,Java,asp.net,jquery,XML,XML
199,EDEY PUA,Camino Laura Chico 533 Puerta 6 ,42190,Soria,782545732,epu@mail.com,1974-12-29,man1.jpg,Supervisor de Costos de Obras,2,Planificador de Informacion y Control Estudiantil,8,Editor Historico,1,Master Universitario en Medicina Regenerativa y Te,Universidad Pompeu Fabra,gallego,8,catalan,10,holandes,7,holandes,1,Windows,.Net,database,database,mysql,Visual Basic,Visual-Studio,php
